frame,matches,cx,cy,tl_x,tl_y,tr_x,tr_y,bl_x,bl_y,br_x,br_y,kcx,kcy,ktl_x,ktl_y,ktr_x,ktr_y,kbl_x,kbl_y,kbr_x,kbr_y
1,149,319.00845,218.42825,387.87408,324.95404,254.02496,330.0309,382.00684,111.78086,251.95193,114.365135,319.00845,218.42825,387.87408,324.95404,254.02496,330.0309,382.00684,111.78086,251.95193,114.365135
2,141,318.4848,217.91667,390.64987,328.0005,254.81712,326.7454,383.44327,108.477455,252.39017,116.7683,318.65005,218.07066,389.7941,327.06125,254.57289,327.75833,383.0004,109.4959,252.25507,116.0274
3,148,318.36038,217.37775,389.3361,327.01657,253.85942,328.55902,381.76144,109.676346,251.13132,113.19494,318.53058,217.7837,389.6101,327.04843,254.27974,328.0829,382.49146,109.56431,251.79184,114.86221
4,156,318.28287,217.66023,387.89005,324.58502,253.2411,328.4356,382.49704,109.86846,249.69133,111.95696,318.45276,217.74194,389.09543,326.31146,253.96484,328.1843,382.4917,109.64841,251.15329,113.97836
5,146,317.9484,217.60422,386.84152,323.5644,253.33226,328.979,381.54712,109.557106,249.39288,111.82345,318.3207,217.70116,388.51923,325.6076,253.79547,328.38126,382.252,109.618515,250.68748,113.40385
6,159,317.9065,217.44455,387.17447,323.08627,253.20016,329.57016,381.5651,108.70329,249.99397,113.53261,318.21164,217.63396,388.16626,324.9707,253.63759,328.6651,382.07733,109.39726,250.47778,113.36962
7,159,317.77954,217.1617,389.02527,326.03046,254.81271,326.31525,383.30283,105.178215,252.75255,117.46919,318.09814,217.51517,388.30057,325.12146,253.8716,328.17084,382.32474,108.441505,250.9293,114.22538
8,148,317.50903,217.3095,388.66522,327.80945,254.9501,327.88254,380.8712,106.92648,252.29874,115.71671,317.94534,217.45349,388.3434,325.64322,254.10101,328.09088,382.01123,108.02061,251.21722,114.57201
9,151,317.4071,217.04099,389.3096,326.4875,253.67763,326.03516,382.06885,108.0507,250.43665,114.77528,317.80576,217.34935,388.5207,325.8145,254.02788,327.64484,381.99973,107.92557,251.07114,114.65865
10,150,317.3155,216.82864,387.9194,325.5154,254.5869,325.6578,381.901,106.37906,251.58392,115.31443,317.6284,217.18622,388.3697,325.76263,254.17006,327.09448,381.93878,107.39726,251.19453,114.89135
11,152,317.06708,216.12692,388.1344,324.3646,252.94878,326.81274,380.52048,108.18306,248.72252,111.70487,317.42386,216.8788,388.28516,325.42856,253.9001,326.89297,381.55945,107.40144,250.61246,114.20325
12,152,316.86,216.13045,388.69577,324.69238,253.15529,326.05487,381.6683,105.89496,250.58675,115.64915,317.22803,216.6382,388.35693,325.22598,253.7152,326.58893,381.52698,106.92344,250.56342,114.53718
13,136,316.44064,216.17947,393.90732,331.8831,256.3223,320.66077,384.62994,99.349884,254.62704,123.552734,316.99127,216.44669,389.6048,326.70087,254.28618,325.1326,382.1839,105.06636,251.44952,116.60787
14,148,316.1137,216.24263,390.6722,328.20972,253.8121,323.20105,382.98395,103.08238,251.01675,118.167465,316.63568,216.26407,390.02866,327.2292,254.21594,324.27164,382.4022,104.09308,251.40985,117.32754
15,146,315.9344,215.85324,384.90576,321.42673,251.43999,326.01767,380.13458,107.77234,246.64401,109.451096,316.3529,216.05786,388.91132,325.95303,253.55981,324.39603,381.88132,104.62095,250.28316,115.66687
16,145,315.68048,215.56761,382.8289,319.25604,249.67319,329.86945,377.1595,110.641914,245.68361,107.133644,316.08475,215.83417,387.488,324.37656,252.60321,325.44705,380.74957,105.781044,249.12859,113.723595
17,143,314.99304,215.86089,386.60065,323.50055,250.66286,326.5733,379.8699,105.81071,246.62268,112.755646,315.7076,215.73662,387.16904,324.0393,252.04105,325.5871,380.4326,105.66343,248.39388,113.390785
18,146,314.33005,215.46663,385.44345,323.89856,251.15604,325.40942,378.61325,105.19429,247.94852,113.92203,315.24738,215.57094,386.64664,323.8498,251.68137,325.45203,379.88965,105.43277,248.07625,113.37528
19,150,313.95044,215.20024,384.0527,320.78546,247.20241,329.00665,377.33325,108.67806,244.45479,110.18999,314.77817,215.37607,385.90338,323.01443,250.51503,326.13702,379.15317,106.0133,247.05214,112.55081
20,156,313.76556,215.40752,383.99088,321.61575,249.92632,325.01086,378.41537,106.00558,245.44028,111.73942,314.36737,215.27275,385.28076,322.50455,250.1351,325.87054,378.7837,105.94882,246.42413,112.200386
21,154,313.32266,215.07108,380.82797,320.17297,246.68396,329.1641,375.51938,110.12215,243.17702,105.50891,313.93042,215.1035,384.07013,321.76178,249.12148,326.5321,377.85117,106.78087,245.40617,110.56589
22,146,312.0549,215.15663,381.39352,321.1959,246.87607,327.75824,375.09448,107.82587,242.44498,108.36172,313.29117,214.99759,383.15308,321.35303,248.29921,326.81628,376.96353,107.025505,244.38644,109.76182
23,154,311.74783,214.66766,378.5998,322.07352,245.46321,327.80463,374.55045,109.025925,242.64761,103.295555,312.7179,214.81041,381.82495,321.23343,247.34543,327.06808,376.13025,107.487946,243.61195,108.04741
24,138,311.72986,214.31601,375.57794,311.8437,241.46367,334.07648,373.18237,111.071556,235.00435,96.73794,312.2284,214.60239,380.07278,319.0084,245.7122,328.6,375.15137,108.31563,241.37463,105.21491
25,147,312.11673,213.2158,383.07056,325.16403,247.4012,324.11942,376.79526,103.95639,247.09818,110.299515,311.8972,214.20908,380.13617,319.86322,245.55057,327.85565,375.07562,107.54565,241.97533,105.60113
26,149,312.24973,213.95956,380.20157,321.35995,245.8854,325.67596,377.88074,105.02373,245.6291,108.31556,311.68066,214.02715,379.66397,319.87445,245.1575,327.50195,375.29047,107.07357,242.27309,105.612854
27,164,310.46735,215.05011,381.34677,327.86905,243.91386,328.3512,374.84763,106.99173,246.49074,112.88425,311.13803,214.11374,379.53568,321.28046,244.4432,327.73953,374.88235,107.0628,242.76497,106.63821
28,144,309.25446,216.34741,379.95135,325.0537,242.32903,329.93478,374.6089,106.99002,241.69511,112.12471,310.46637,214.46448,379.20825,321.96332,243.56087,328.26697,374.52567,107.05205,242.25745,107.45225
29,152,308.4966,216.32999,377.95032,325.71844,242.79636,330.67123,371.92725,107.49954,242.51898,112.07633,309.74506,214.78345,378.54895,322.71033,242.92851,328.87488,373.68823,107.14762,242.01167,108.18961
30,155,308.0984,216.1383,373.65887,320.08963,240.80238,330.4448,371.75476,109.54156,238.45876,105.35812,309.06345,215.02838,377.1245,322.20984,242.01001,329.35208,372.94656,107.653,240.98883,107.47586
31,139,307.5847,216.16446,383.97955,337.91333,245.1879,326.24393,373.42166,101.6189,250.11667,124.27182,308.4245,215.24873,378.06787,325.36618,242.2022,328.8835,372.7153,106.48609,242.52042,110.70263
32,148,307.34998,217.10594,373.09744,323.32315,240.23262,334.3231,369.4532,110.16288,240.67323,109.03146,307.82507,215.63443,376.6987,325.23236,241.36171,330.10382,371.6986,107.17432,241.97086,110.497154
33,149,306.76712,218.38759,371.6533,325.14954,242.67775,335.17917,367.85788,108.608925,242.47536,112.251785,307.14606,216.26202,375.12277,325.4873,241.09613,331.42053,370.41968,107.49101,241.8385,110.97959
34,146,307.32156,218.58455,370.54797,324.14862,243.19023,336.37213,367.84793,108.960236,242.68103,110.29962,306.7868,216.83679,373.63962,325.43222,241.10876,332.7623,369.4152,107.83869,241.82625,110.965935
35,144,308.03903,218.7764,368.4937,320.9984,243.8386,339.29208,367.44278,108.79217,242.68808,107.90194,306.6163,217.40324,371.8361,324.7046,241.25972,334.62204,368.40567,108.121864,241.81651,110.43807
36,140,308.0329,218.83969,367.62637,321.7246,244.4059,339.3238,367.23065,108.27487,243.55487,107.14514,306.57324,217.8663,370.26013,324.17282,241.61855,336.1284,367.62976,108.23802,242.04044,109.787384
37,139,308.87357,218.11502,365.5483,323.4883,245.96942,338.34415,366.37628,109.70984,247.97752,104.510155,306.75403,218.09239,368.52896,324.0714,242.29266,337.17462,366.83362,108.63173,243.18132,108.66278
38,151,309.65714,217.79472,376.30078,339.43988,252.02005,332.87872,369.0427,100.79904,259.14688,125.27778,307.0005,218.2965,369.2524,327.41656,244.20694,336.96237,366.67188,107.07263,246.6268,112.110916
39,161,310.12677,217.60461,366.22348,323.5732,247.96129,339.5843,366.41397,108.66732,249.97694,103.59524,307.4771,218.30388,367.9654,326.9214,245.04025,338.03146,366.12854,107.3689,247.64923,110.508194
40,151,311.12674,217.22737,364.91858,320.78864,249.84567,340.18903,365.51837,109.58659,250.5465,100.2042,308.11993,218.23317,366.50757,325.8736,246.20418,339.1382,365.43527,107.83599,248.70325,108.32402
41,148,312.307,217.02368,363.9284,321.913,253.16399,335.9475,368.311,105.915825,255.76016,101.72899,308.97247,218.11107,365.00662,325.13474,248.01384,339.15344,365.46985,107.44405,250.81134,106.64544
42,140,313.07693,216.53102,361.25882,318.7537,251.75423,341.23428,365.5683,111.19443,257.67,98.56776,309.93777,217.86322,363.20285,323.71576,249.27913,340.2514,364.97968,108.2957,253.05917,104.43994
43,143,314.15918,215.94348,368.1909,337.18167,260.353,328.59653,370.89633,98.67265,270.8173,118.33949,310.90814,217.64542,363.42532,326.68896,252.25166,338.1834,365.88077,106.17355,257.86404,107.12358
44,138,315.21698,215.44772,371.71567,350.57922,268.74966,320.0174,372.71738,87.72129,277.22754,124.26072,311.95532,217.3022,364.48654,332.44202,256.81772,334.3265,367.12695,101.745384,263.5837,110.90693
45,139,316.59555,214.90009,360.4791,322.05634,256.81815,340.85068,366.31754,111.51294,266.81873,92.92369,313.51282,216.57542,362.74722,330.859,258.17148,335.79837,366.7361,103.41312,266.38474,106.79353
46,139,317.41034,214.65268,357.28345,314.3679,256.54623,345.36484,366.33313,110.910164,266.83926,87.71716,315.13196,215.87398,360.32156,327.19415,259.24036,338.41946,366.3877,104.93892,268.84317,101.43509
47,137,317.72824,214.63187,355.99268,308.65012,254.81374,351.93878,364.38132,114.12356,260.8447,74.360954,316.421,215.46133,358.01285,322.12866,259.35922,342.58426,365.5926,107.31917,268.83365,92.97506
48,139,318.76147,214.74399,356.52008,319.87164,262.83496,336.82706,367.6627,109.34089,274.49606,91.04059,317.69296,215.19753,356.38855,320.89215,261.4505,341.84207,365.8787,108.06524,272.22626,90.54905
49,127,319.8437,213.5085,361.92197,338.2685,269.9164,329.40787,368.3946,102.2045,285.40326,111.00842,318.90646,214.7193,356.7677,325.17105,265.01868,338.95486,366.3811,106.64024,277.85144,94.502075
50,129,320.34357,212.42424,344.68057,283.20853,236.0555,401.21786,358.77988,127.46565,144.21413,-301.6798,319.55072,214.46849,352.39935,313.28317,258.24286,356.73544,364.11658,112.552124,242.35677,-18.497173
51,136,320.36566,212.96942,353.12286,317.15814,263.9059,329.97723,374.13855,102.84347,280.07114,84.280205,320.04526,214.90227,351.47977,313.13132,260.1114,351.39648,366.5182,110.53251,250.6608,-2.6566672
52,134,320.60712,212.70772,355.87216,308.4284,259.3621,346.64853,367.01538,112.483696,269.91537,74.599236,320.69754,214.4683,351.41885,310.60236,260.4725,351.43454,366.61615,111.44989,254.91187,7.8873844
53,129,320.36383,212.88422,357.88272,310.61258,260.7144,346.8981,366.50208,110.54576,269.13342,78.95333,321.13922,213.88385,352.2119,309.45996,260.97565,351.1978,366.56934,111.58033,258.36304,20.10721
54,134,321.1182,211.68666,349.8901,290.9006,247.03413,374.76425,362.32092,122.192085,226.70918,-49.154648,321.32724,213.7988,350.76135,303.21393,257.7754,358.4185,365.41608,114.796234,250.05669,-3.480294
55,144,321.6682,211.69864,356.46375,321.48795,270.04102,330.96695,369.59253,102.34023,283.74304,91.57105,321.87427,213.57104,351.1806,306.05283,261.68866,352.42035,366.4786,112.01241,259.2059,15.091491
56,149,321.77792,210.82452,356.11966,315.29715,262.00443,344.67517,365.3753,114.43542,278.59055,78.95169,322.25952,212.68904,352.03946,307.75027,262.32782,350.63058,366.14163,113.00291,265.65396,31.337755
57,132,321.70844,211.11505,363.85504,326.14352,266.13226,334.49164,370.14487,104.9796,279.07892,94.34841,322.72195,211.59029,355.18573,312.5939,263.9793,346.02005,367.31818,110.87769,270.80893,49.494
58,143,321.9343,209.5907,357.30423,306.29953,221.86401,437.9806,357.16776,130.38463,235.15538,-28.41719,322.63025,211.19522,355.79636,310.73965,252.40686,372.2032,364.49274,116.49697,261.89325,28.258108
59,135,320.3221,212.34671,262.58194,93.00289,290.23035,275.3842,406.93558,33.258224,305.20993,180.99992,320.01514,218.67752,329.07523,247.88521,262.44376,347.22128,376.45108,93.24697,274.62497,70.81208
60,128,321.35925,211.13927,366.36447,336.6997,272.38324,319.9136,374.495,94.64512,283.67035,105.607994,320.79028,216.1476,336.66687,265.69504,265.8058,338.75336,377.11536,91.43567,278.9778,84.772896
61,145,320.73523,210.6585,358.02182,323.30368,262.75992,336.01428,368.11606,109.52924,278.7261,83.27727,320.82794,214.71487,341.1509,277.99908,265.60297,336.86664,375.51627,94.76602,280.39734,88.10068
62,132,318.90332,211.7775,361.6926,321.09552,258.79187,334.25848,370.2203,108.55403,272.84753,93.68358,320.56146,213.34714,345.80096,287.49146,264.40436,334.77197,374.78772,97.201805,280.08063,93.83019
63,147,318.13455,211.84172,358.0833,314.83853,255.29367,342.46573,366.83298,111.91336,268.31522,82.92787,319.93286,212.68129,348.87912,294.11703,262.37076,335.40182,373.16992,100.332985,278.35464,95.16279
64,145,316.155,212.44632,364.26462,319.5502,253.53429,333.7974,371.30328,106.97487,263.1595,94.04672,318.97168,212.25502,352.99695,300.82657,260.18402,334.0234,372.8961,101.77483,275.29294,98.06406
65,154,314.9655,212.26021,368.5588,328.98416,257.02023,326.66895,372.3592,100.45072,265.25015,103.60578,317.86633,212.01382,357.4328,308.67682,259.25507,331.21823,372.91208,101.35183,273.20645,102.46573
66,132,313.65125,211.93437,365.5747,311.4856,242.49527,343.67633,368.33856,112.047585,248.46268,86.52183,316.46924,212.07693,360.06323,310.48895,255.13582,333.28168,371.93747,103.78028,267.5026,101.109055
67,148,312.21115,211.39406,380.35367,336.45575,251.41852,322.47125,376.09247,96.25495,259.49442,114.3135,315.25,211.77495,365.63132,317.71494,253.76558,330.1312,372.9064,102.17464,265.30298,106.35892
68,149,311.90567,211.1015,372.4358,317.0084,242.87492,332.75342,373.0045,104.89346,247.2594,97.60905,313.88327,211.85214,368.46756,319.3247,250.73833,329.8468,373.0301,102.74648,260.7282,106.8164
69,155,311.80988,210.86913,374.0949,317.51498,242.74217,329.8561,375.62732,102.4171,246.67365,98.96143,312.73813,211.8937,371.1187,320.61343,248.17824,329.05994,373.70767,102.69109,256.7324,107.22826
70,157,311.49457,210.85092,374.42853,317.1433,241.70529,330.54004,375.00607,103.426025,244.13455,96.70114,311.74835,211.92151,373.27054,321.3978,245.86188,328.64667,374.13913,102.86273,252.86462,106.7772
71,153,311.6458,210.89458,375.2949,317.3613,241.87827,330.5129,375.3061,103.25882,243.31555,96.216415,311.01736,211.92975,375.1187,321.91064,244.02579,328.38516,374.5561,102.972855,249.50461,106.030365
72,156,311.6395,210.86687,377.59033,319.15656,244.23972,324.286,379.44763,98.32813,244.79436,100.73987,310.53714,211.89375,376.88843,322.45404,243.16566,326.9781,375.7505,102.01942,247.23566,106.059166
73,139,310.6906,211.16316,378.18695,318.9814,241.55992,326.80713,376.6677,102.33263,242.22443,101.43326,309.77216,211.95335,378.8363,323.07852,241.65306,326.14938,376.27158,102.01673,244.38878,106.3998
74,142,310.16843,211.30623,378.83966,322.1982,242.03487,326.89532,375.9748,101.216606,244.15912,104.35847,309.008,212.02698,380.6356,324.2514,240.46777,325.47845,376.56677,101.764175,242.34761,107.24012
75,148,309.94,211.98222,378.0185,321.81442,244.31242,324.4751,375.72214,100.80221,244.17934,105.53916,308.49347,212.19095,381.55655,324.83258,240.2926,324.5413,376.67172,101.460976,241.07489,107.91079
76,152,309.31787,212.22026,380.95718,323.90726,244.62743,323.12573,376.83054,98.09662,243.82861,109.783966,307.92184,212.39359,382.95404,325.75473,240.31169,323.43484,377.0058,100.54082,240.00063,109.44144
77,163,310.06467,211.4916,378.27612,320.2554,242.799,324.06653,376.03912,102.640396,241.8708,102.40109,307.66702,212.36038,383.44315,325.58646,239.94887,322.7079,377.09042,100.851776,238.64558,108.89383
78,136,310.57602,210.6697,379.94974,322.80994,242.58699,322.15375,377.5727,102.365295,244.21942,103.056175,307.77402,212.0677,383.87805,325.78882,239.82935,321.80286,377.47748,101.10869,238.53377,108.27013
79,148,311.11737,210.14418,381.4661,322.5991,244.61342,320.56613,377.98636,100.68188,245.92706,105.593956,308.14267,211.6722,384.3063,325.68692,240.43039,320.83444,377.83945,100.92652,239.23645,108.19015
80,151,311.69653,209.6396,382.92697,325.4578,245.63548,318.69754,379.49686,99.266914,249.85664,108.75626,308.63068,211.23471,384.88153,326.2133,241.25525,319.6649,378.47763,100.43884,240.93213,108.82324
81,143,312.27164,209.77805,380.44806,320.77988,243.50801,322.6095,377.7631,103.81982,247.26706,103.591286,309.2459,210.85703,384.69952,325.48114,241.4685,319.67325,378.57904,101.13679,241.80151,108.069496
82,141,312.3639,209.94002,383.52798,325.46564,247.00826,316.67236,381.2467,99.015884,250.43553,109.074486,309.78946,210.59158,385.24866,325.95807,242.5318,318.26096,379.5082,100.5765,243.37625,108.726875
83,149,313.82724,209.89305,382.60992,322.728,246.86082,318.86093,380.141,103.51372,249.84572,104.59172,310.66162,210.35318,385.24585,325.56555,243.44643,317.81558,379.92773,101.194145,244.67242,108.08843
84,144,313.96216,211.54773,382.7345,326.4058,248.3746,318.55414,381.52518,102.845215,253.5337,110.28852,311.3904,210.55988,385.15118,326.00232,244.53412,317.506,380.51874,101.55171,246.57368,108.78641
85,154,313.90216,213.18335,376.00183,318.47922,244.27626,326.9975,376.9911,111.50618,246.64156,98.762245,312.07224,211.02525,383.62854,324.64926,244.56502,319.05728,380.05167,103.78556,246.68147,106.85465
86,152,313.42102,215.73477,381.37143,330.107,249.41792,322.10464,379.6155,107.25919,253.36946,114.32339,312.515,212.10968,383.45828,326.07477,245.77194,319.36414,380.22055,104.85324,248.32281,108.65439
87,152,313.21826,218.3482,377.77557,328.58884,250.85355,322.07602,379.45212,109.72518,252.4864,114.297455,312.82996,213.62833,382.39905,326.92355,247.12825,319.7213,380.26358,106.28119,249.5215,110.19272
88,158,313.71146,220.52658,379.0874,334.03027,252.15015,325.97232,377.11145,113.45507,255.71791,119.50867,313.19098,215.46185,381.74588,328.87622,248.58183,320.96173,379.7348,108.340126,251.27516,112.69663
89,154,314.33197,222.61646,375.6602,329.84494,253.74832,327.65994,375.82925,117.51179,253.0286,115.085014,313.6801,217.57397,380.34067,329.63876,250.25908,322.492,378.944,111.13977,252.21031,113.89941
90,148,314.4776,223.46953,382.78885,339.8577,256.3529,323.81226,377.98956,115.40776,257.34268,125.812,314.17932,219.92178,380.8052,333.0205,252.6151,323.00696,378.72528,113.38658,254.27675,117.907135
91,152,316.2994,211.66861,537.5067,198.82475,396.5805,395.89264,270.8717,108.384,347.6951,209.75099,328.93265,194.22913,426.55588,294.991,295.82086,344.56793,347.17062,113.34041,282.61417,146.26569
92,152,316.99847,179.22765,321.09094,178.77786,311.0577,182.2944,310.0603,182.80351,323.06003,178.57545,323.99927,183.6776,400.79977,254.35196,307.80777,297.90552,330.99072,135.82405,300.09152,161.59515
93,153,316.94116,162.11902,306.80908,342.16272,316.35687,288.55002,319.3663,-621.3241,300.00943,463.1014,317.54517,262.26758,373.5708,272.65924,317.2592,291.54846,321.91672,-93.108574,305.93036,260.05984
94,139,313.85928,234.22626,356.4255,353.8132,272.92264,294.98422,378.95468,139.62318,249.67296,53.457134,314.1088,235.70135,366.4517,292.30054,310.5795,288.9776,333.5559,-47.45491,294.43127,214.31573
95,142,314.70172,227.62769,369.17093,326.86185,253.48505,336.52292,369.69,131.24504,249.75143,108.92587,308.64948,224.48235,364.99347,300.71277,298.43085,299.73376,341.0164,-9.548697,284.43442,191.56314
96,143,314.16034,228.85327,372.26566,339.4848,258.18918,329.95056,372.10654,125.694786,259.48016,124.408905,306.9548,220.80093,364.9902,311.08936,289.60162,306.76785,347.96207,20.574594,278.89212,176.95076
97,146,314.24158,229.90265,370.44778,341.92853,261.06122,327.6158,371.66092,125.917404,262.70355,126.85045,307.0246,220.64645,364.68597,320.2691,282.95422,312.00082,353.67438,45.95189,275.11804,165.29903
98,143,314.08746,230.89519,370.56912,344.83405,259.90677,331.24402,370.56522,127.783745,263.61032,128.73872,307.6843,222.2955,364.7358,328.49814,276.9996,317.35843,358.19272,67.849754,272.16064,155.91719
99,139,313.86475,231.8529,371.98944,345.7085,260.00363,330.3767,371.67566,127.62127,262.4505,130.8174,308.63904,224.9063,365.50052,334.86612,272.24973,321.33643,362.06592,85.18393,269.48508,148.91653
100,152,313.99567,231.56223,389.8711,380.60657,267.90244,318.58347,381.91245,105.0779,275.0214,154.74298,309.9905,227.98616,370.70895,348.49854,270.42816,321.5333,367.70352,93.33305,270.48242,149.29688
101,148,313.9343,231.1168,372.07324,346.37598,258.80615,328.82565,374.98123,124.42248,264.03864,131.87021,310.8789,229.78732,370.794,350.8304,266.94717,323.9632,370.42838,103.85014,268.73755,144.35928
102,138,313.8441,231.063,377.67178,364.2315,263.17194,322.0518,377.7661,117.86408,271.58078,142.58861,311.87646,232.09184,372.20724,357.81543,264.74936,324.61407,373.74808,112.28469,268.9778,142.39317
103,142,314.22348,230.72656,369.64432,345.60617,259.34314,328.69995,374.36685,124.85537,264.70563,127.74117,312.7224,233.43694,371.53372,358.07095,262.35574,326.4355,375.26065,119.57122,267.6522,137.60461
104,136,314.3781,229.76582,368.34775,342.93402,260.66336,327.57172,374.191,122.34791,266.27292,128.55273,313.44812,234.18143,370.68,357.0857,260.87622,327.531,376.23093,124.26476,266.97504,134.04974
105,147,314.72922,229.13602,373.36414,350.20193,259.17752,325.52106,377.65942,121.450195,267.5362,131.36472,314.1543,234.63701,371.12766,357.7954,259.31876,327.94458,377.8074,127.85647,266.70935,131.73589
106,155,314.0217,228.4772,371.68463,340.52496,255.1205,329.34103,376.15106,123.54968,261.37183,125.82574,314.5744,234.8694,371.13983,355.9246,257.07776,329.1418,378.73596,131.1653,265.04407,128.51933
107,143,313.54877,227.36705,372.89984,345.87466,255.57123,326.6707,375.4703,122.77521,264.03745,128.1745,314.76947,234.42435,371.4624,355.08994,255.55661,329.33905,379.06958,132.82675,264.3429,126.74166
108,147,312.34598,226.00378,369.65704,347.4162,256.61267,324.24127,376.3997,114.57027,268.43738,132.6511,314.6918,233.8407,370.936,354.90323,254.17546,329.02835,379.79346,132.89067,264.71423,125.906876
109,152,307.37784,187.50731,344.07837,167.05461,343.9241,159.03357,333.6892,167.04332,375.05533,149.82005,325.4612,210.34213,363.64716,306.1339,276.65085,284.3969,368.6845,145.69778,293.68262,130.34775
110,161,308.07916,224.61436,372.9629,344.256,247.047,327.67856,371.51172,118.983734,255.19608,126.776024,322.58176,212.07956,365.08664,310.85333,269.98074,290.67722,368.9532,143.7844,286.50253,127.95414
111,153,304.8501,225.33612,368.73544,335.20053,240.40883,334.81982,367.21524,120.87615,243.03934,118.691895,318.33807,214.98091,365.6744,315.25922,262.3507,300.51935,368.29285,139.75337,275.90564,124.79351
112,152,304.35754,226.23964,374.4077,339.52518,241.8619,334.95975,367.4875,117.982445,242.72275,126.24061,314.9557,217.09657,367.558,319.2821,256.23694,308.19604,367.69952,136.44482,267.07812,123.78713
113,150,303.35385,226.902,374.35205,340.27042,241.97614,333.9598,366.7349,117.94088,241.36726,127.60516,312.08463,219.12563,369.12476,323.55103,252.12999,314.2456,367.26318,132.8446,260.31924,124.05163
114,151,302.8656,227.85004,375.98203,340.68167,242.53049,335.82117,364.8871,118.46809,240.73581,131.66556,309.50064,220.95447,370.82993,326.89636,248.41176,319.7943,366.32962,130.33835,254.0967,124.942665
115,153,303.10025,228.41872,376.45023,341.15747,245.04434,335.83652,363.9181,117.53651,241.33884,133.18973,307.40442,222.67172,372.39017,330.02405,246.1298,324.46707,365.3665,127.78094,249.22789,126.263115
116,145,302.7339,228.04297,376.32407,339.24313,242.88916,339.48392,361.81345,119.65731,238.25397,130.30267,305.74268,224.05118,373.58853,332.20584,244.10315,328.96017,364.17255,126.06262,244.94164,126.82137
117,146,302.3541,227.74077,375.58215,336.09576,241.92642,339.0336,361.8498,119.79288,235.6409,128.7158,304.36295,225.10825,374.36838,333.2793,242.38306,332.42215,363.24683,124.6586,241.04845,126.969025
118,145,301.994,227.50363,375.23056,332.87747,241.24371,340.63217,361.23795,118.83357,231.79378,126.182785,303.226,225.90321,374.89087,333.4346,240.97824,335.4698,362.4027,123.288864,237.23364,126.57383
119,143,300.18427,227.34145,374.24173,331.22125,239.73335,341.32462,358.99362,118.1364,227.53224,125.11687,301.84613,226.5466,375.13245,333.21085,239.41895,338.2802,361.1769,121.945305,232.97484,125.99636
120,148,299.58984,227.02585,373.42706,328.3712,237.22377,343.04807,358.24063,119.56743,224.48953,123.625916,300.59576,226.99786,375.12308,332.3616,237.64645,340.95404,359.98892,121.1005,228.80807,125.19229
121,150,297.73267,227.4306,375.90344,337.02353,240.02666,338.50452,357.13736,114.841255,228.43803,129.9827,299.21872,227.3767,375.59525,333.4707,236.9194,342.0336,358.80066,119.38709,226.40652,125.92102
122,142,296.2031,227.7491,374.34644,336.80643,237.37526,343.0518,354.08942,116.02959,226.28317,129.86647,297.9516,227.69759,375.58377,334.3205,236.0782,343.47046,357.32196,118.30501,224.55487,126.58046
123,155,295.46564,227.98538,371.5173,332.76175,237.21736,342.63,353.22632,116.05107,222.85893,127.646324,296.59875,228.05508,375.0017,334.24152,235.19308,344.79633,355.7643,117.30127,221.9809,126.68337
124,146,294.36942,227.50008,383.85452,347.7063,239.64449,336.0041,357.316,104.571495,231.01585,142.12595,294.92996,228.31842,377.27625,337.60614,234.7914,344.699,355.11533,113.64384,221.14613,130.09164
125,140,293.56808,226.64696,369.62692,331.867,232.667,346.27637,350.32547,116.868675,219.93414,124.466446,293.6419,228.24207,375.91153,336.83112,233.25241,346.40332,353.21912,113.475136,218.73111,129.06049
126,149,291.92838,226.27837,371.6094,338.1314,233.70207,338.52292,353.17807,109.99379,222.91692,129.10068,292.2227,228.08238,375.10718,337.5519,232.27371,345.88834,352.31723,111.81778,217.58868,129.20462
127,155,290.49023,226.4805,364.48077,331.69443,229.64978,341.7517,351.15414,113.255356,218.34003,123.559456,290.96985,227.86575,372.71765,336.55545,230.77692,345.87256,351.30957,111.39205,216.09236,128.00143
128,150,288.56372,226.23318,362.9227,332.29974,227.57175,342.1851,349.145,112.76884,217.35597,124.33919,289.53867,227.62004,370.32516,335.81458,229.11284,345.87054,350.06247,110.98992,214.75237,127.14895
129,145,287.31747,226.42323,360.85596,335.91547,228.41933,335.8923,350.84912,110.0837,219.15288,124.61109,288.15213,227.47195,367.84265,335.9719,227.99994,344.34952,349.47592,110.12821,214.21252,126.487015
130,148,286.33252,225.94043,362.2407,338.77863,221.89735,338.9889,351.29523,113.6276,217.63374,123.493675,286.8144,227.21754,366.05838,336.73047,225.69289,343.6586,349.1521,110.24722,213.57132,125.67983
131,141,286.10715,225.66066,357.81927,335.43927,218.83781,341.29022,351.99487,114.005936,217.21954,119.86028,285.55408,226.87592,363.43054,336.65555,222.90065,343.56076,349.01523,110.43829,212.88954,124.11861
132,157,286.28253,224.24477,358.55313,339.51154,217.87015,335.76358,356.52585,111.32115,221.60933,120.75013,284.71094,226.3173,361.4547,337.47687,220.49113,342.11752,350.0963,110.1292,213.61299,123.00482
133,162,286.16077,223.12332,351.9853,334.72003,211.84691,338.51538,355.5507,116.844475,220.04895,110.65858,284.10437,225.41724,358.3693,337.07028,217.21307,341.44376,350.90564,111.197975,214.07259,119.78583
134,159,285.14584,223.21718,346.1347,336.98184,209.92291,334.3719,359.93643,114.13308,224.90431,110.4399,283.5262,224.75633,354.54572,337.19827,214.16895,339.9084,352.65582,111.57291,215.71678,117.03899
135,154,282.96695,223.27342,347.09232,347.51495,207.88084,328.81323,362.85666,112.43422,227.66158,115.72726,282.56497,224.40558,351.55685,339.6588,211.21558,337.32483,354.856,111.54519,217.84029,115.911674
136,152,280.7171,224.57454,339.5943,342.38916,201.59256,331.7177,360.33475,118.14653,223.64667,109.94734,281.22885,224.20395,347.14755,340.7047,207.1222,335.65427,356.27112,112.84152,218.8519,113.575485
137,145,278.30246,225.44295,332.38266,341.18164,194.4582,332.60672,359.71445,122.70401,222.14832,104.79581,279.57138,224.19164,341.64166,341.31302,201.95212,334.39667,357.39062,115.13579,219.45967,110.35323
138,149,275.73495,225.29095,331.88165,352.73108,189.2947,331.08533,361.00592,122.23187,225.5962,111.023895,277.74835,224.36282,337.39902,344.40137,196.94537,333.11874,358.5603,116.9819,220.82988,109.38964
139,149,274.302,226.3401,321.5171,342.28265,185.86984,330.67014,359.74222,126.789986,222.70392,99.094376,276.15613,224.61374,331.83453,344.52368,192.33888,332.04428,359.19223,119.524216,221.32225,106.05818
140,154,273.20163,226.59612,318.36188,345.58365,182.22377,326.3638,365.56873,126.54405,225.41347,100.10918,274.5437,225.01184,326.43002,345.34634,187.65204,330.17407,361.03152,121.63815,222.35239,103.46886
141,169,272.75735,226.23172,320.10336,355.79056,182.20769,321.59372,368.5467,126.59815,229.82965,108.21365,273.0513,225.39977,322.34885,348.29922,183.80403,327.5322,363.26193,123.43793,224.23056,103.15833
142,160,273.60303,225.72588,317.87952,359.11487,177.2641,323.9276,366.9078,131.79103,234.28848,106.69569,272.1124,225.53596,318.82248,351.4554,179.86888,325.91284,364.7129,126.00876,226.78905,102.791855
143,171,274.90964,224.58847,314.66705,358.42807,177.02533,319.83838,370.01492,133.18571,239.25415,103.90825,271.5281,225.38675,314.71747,354.2356,176.07233,323.44666,366.79025,128.72623,230.29315,101.75744
144,158,276.16562,223.51405,311.33527,353.2474,176.58244,315.5368,374.27414,133.98032,242.09744,97.10956,271.71927,224.96832,311.42087,355.0776,173.68365,320.70816,369.25238,130.88991,233.70825,99.73367
145,151,276.92596,223.0277,311.18533,361.62082,179.11526,310.78552,379.26047,132.34846,247.5587,103.473915,271.9605,224.5307,308.11728,357.90552,171.84659,316.9871,372.7572,132.59245,238.20093,99.26561
146,171,277.72803,222.73993,309.67938,358.81723,172.93947,312.4628,378.03107,137.934,249.05249,99.79981,272.63892,224.00052,305.7071,359.38306,169.58398,314.49573,375.2244,135.03706,242.1409,98.336
147,153,278.46896,221.74669,308.84064,357.94586,174.31471,307.6949,383.58817,136.07664,251.97183,102.07082,273.51282,223.32587,303.7371,360.31763,168.23164,311.3734,378.53458,136.59232,246.09724,98.18304
148,148,279.06137,220.16626,304.413,348.61923,167.96593,307.38098,381.1414,141.04858,253.38216,89.02644,274.48996,222.30286,300.93826,358.8608,165.52226,308.48718,380.92523,139.1868,250.00983,94.89538
149,164,278.62518,219.22241,302.43405,364.21506,174.26227,297.9531,387.1313,138.43143,259.17377,99.68168,275.30585,221.28438,298.6555,361.1199,165.2862,304.0605,384.10596,140.47987,254.38962,94.87598
150,166,277.16727,218.83076,299.0252,355.13348,161.80809,302.79166,381.81836,143.65535,257.0393,92.11217,275.7036,220.45483,296.98334,360.47,163.03723,302.33588,384.80627,142.19585,256.60342,93.51983
151,166,275.2868,218.24112,294.93045,364.09238,165.11464,297.36505,386.02246,139.74284,259.20886,97.52312,275.6233,219.53928,294.14716,362.1582,161.4928,299.21777,386.68915,143.02199,259.43155,93.421936
152,158,274.48914,217.59602,294.12247,377.3154,170.22664,288.34976,395.7132,136.41693,261.09262,107.250374,275.41754,218.80539,292.63107,366.0448,162.15504,295.54446,389.67624,142.42184,261.22684,95.84939
153,169,272.72028,217.38734,287.3217,364.01877,162.52737,288.03528,392.7311,141.47308,261.20596,99.95323,274.90332,217.97955,289.4505,366.7003,160.75337,291.9365,391.8958,143.20363,263.17804,96.24301
154,161,271.14386,216.63287,282.172,357.75922,151.26941,289.8855,385.56873,147.68501,261.34467,88.79021,274.12003,217.05983,285.62408,365.81567,157.12859,289.26956,392.1774,145.19737,264.79987,94.16964
155,152,269.22717,216.17532,278.4658,367.97775,154.2559,283.47833,388.6584,147.28,261.91586,93.092926,273.06226,216.44035,282.4551,366.8835,155.30565,286.47714,392.4995,146.40685,265.57053,93.52458
156,159,268.295,215.54398,274.8971,359.5725,146.1953,283.85175,386.40524,150.42812,262.73358,90.11301,271.91302,215.61711,278.42737,366.17908,151.6337,283.66296,392.54395,148.36003,266.75653,92.20053
157,167,267.41248,214.81677,269.25308,357.74844,145.92131,278.8632,389.7089,151.29971,265.99744,90.369965,270.61188,214.66757,273.2172,365.0622,148.0114,279.78476,393.34296,150.4539,268.6534,90.9768
158,171,267.33105,213.09879,265.7759,359.15326,141.74841,275.17593,388.7044,154.03748,268.84772,88.14114,269.585,213.74162,269.112,364.12112,144.81189,276.65097,393.2563,152.34698,270.1599,89.71659
159,169,267.57562,211.58029,261.59274,351.1444,139.23288,270.37842,388.54523,157.06508,273.28268,82.92226,268.672,212.44725,263.96768,361.34317,140.99495,272.30756,393.24683,154.98143,272.81604,87.19855
160,181,267.15976,210.03795,255.91191,365.47046,143.01564,262.88956,394.33017,156.82585,275.76468,93.532555,267.86438,211.2834,259.2562,362.30203,139.41776,267.68936,394.27573,156.70407,275.08344,87.870926
161,181,266.29575,209.73001,252.60197,351.98676,136.15611,260.83224,390.40704,161.88557,278.57898,84.08104,267.15125,210.2911,255.05777,359.95734,136.86848,263.78714,394.08,159.09114,277.3499,86.372246
162,165,264.72537,208.94298,243.95158,348.14508,121.13725,261.57675,381.2755,167.0456,284.67865,76.5389,266.2323,209.23138,249.4701,357.03323,131.20601,260.63528,391.76923,162.33156,280.69876,83.33341
163,178,265.48953,208.49632,240.66121,360.1194,136.51569,250.10695,396.69684,167.05426,284.54932,93.183556,265.49576,208.51144,244.27309,357.3076,130.14426,255.59743,393.2622,164.9511,283.3465,84.66815
164,174,266.23016,208.21886,236.83577,347.7153,131.92424,244.9371,395.44055,173.75409,292.43942,84.74588,265.31876,207.9814,240.16367,354.92685,128.94145,251.15956,394.08478,168.0908,286.70428,84.15831
165,172,267.2457,208.58688,232.10805,344.69617,129.23567,239.27931,395.8395,180.82304,299.0906,85.98777,265.24673,207.405,234.37917,351.91287,126.64688,244.98534,395.0641,173.0696,291.84396,83.78589
166,166,268.93225,209.56218,227.5601,342.17444,130.12479,232.53111,399.95554,188.72337,308.04657,84.83745,265.79102,207.45284,230.1922,349.15665,125.89236,239.80467,396.5452,178.07161,297.11603,83.53799
167,171,269.83392,209.23126,220.9595,342.3896,131.20776,225.8344,399.9119,194.48788,314.53833,87.9806,266.34048,207.4147,224.83212,346.73495,125.33637,233.57431,397.86902,183.86237,303.31683,83.97153
168,166,270.19955,209.33557,215.43573,341.30594,136.43536,220.05592,407.77927,199.16656,318.15833,94.24806,266.81433,207.5554,219.12973,344.42056,126.16864,227.0229,400.7515,189.86746,309.43365,85.8081
169,173,271.0494,209.78098,202.32599,353.88028,140.25616,213.64363,412.04834,206.4948,320.5952,106.28761,267.2426,207.83588,211.55478,345.35086,127.99656,220.1978,404.2006,196.53893,315.06824,90.23466
170,175,269.9604,209.40195,203.64513,336.77878,128.0374,209.65038,399.1583,209.99057,329.2704,95.88248,267.84525,207.8186,206.27377,342.6158,127.1467,214.3783,404.06046,202.32227,321.07584,91.733665
171,166,269.1482,209.49454,198.90764,333.12726,128.94077,205.41055,400.704,214.14731,332.58353,98.21767,268.15027,207.88374,200.28276,339.27487,126.552414,208.01462,404.32098,208.61009,327.3763,93.6335
172,162,269.02426,210.29039,195.44241,330.8934,127.54295,199.3744,399.3202,221.17586,337.84015,97.86724,268.37186,208.18709,195.0184,336.03604,125.897156,201.8308,404.0369,215.09401,333.44724,95.14933
173,168,267.9729,211.33878,189.20903,332.5349,131.4069,197.39113,402.49146,225.92857,337.02838,105.422386,268.23566,208.7757,190.898,334.2621,126.51494,197.91478,404.20132,220.05527,336.85,97.80735
174,165,267.17557,212.09377,188.25508,325.24747,126.93934,194.24048,395.02396,229.19102,343.2323,103.38137,267.926,209.42543,185.16655,330.31393,125.76687,191.82149,402.89343,227.00249,342.98145,100.13244
175,168,266.2484,211.80922,184.52838,327.04437,127.29766,191.80353,396.5958,231.40666,340.1578,107.91357,267.37494,209.97812,180.9421,327.88065,125.4703,187.62093,401.84967,232.03235,346.12143,102.88889
176,168,265.55783,211.37663,183.52419,320.20932,123.45152,187.8662,392.21033,233.1497,347.00067,103.653465,266.64398,210.38428,177.11409,324.13623,124.31664,183.1177,399.82986,236.7698,350.38562,104.30507
177,159,265.255,211.12807,175.28548,325.12946,131.03752,185.80984,397.54803,236.93285,341.79834,114.43276,265.9392,210.66489,171.96872,322.1141,125.22779,178.91508,399.27805,241.63206,352.59558,108.19421
178,176,265.06757,211.4213,174.68904,319.10092,130.0011,180.95764,393.74612,241.30107,349.2083,111.46857,265.3424,210.94667,168.48332,319.37848,125.94587,175.2162,397.82828,245.79561,355.3356,110.49615
179,164,263.80768,210.75256,173.65112,312.7973,127.885185,175.8142,391.30817,244.39069,354.42163,108.48996,264.5793,210.97383,166.38867,316.068,126.13228,171.94725,396.05402,248.93213,357.98703,111.29009
180,163,262.01743,209.71568,163.22899,319.10992,130.47255,174.93019,394.86316,245.72923,345.01193,118.08399,263.6801,210.72653,162.6908,315.1063,126.936874,169.55823,395.47598,251.31175,357.51373,114.02551
181,161,260.7589,208.74733,160.87968,315.9013,129.32323,171.40436,390.97592,246.63672,347.6882,115.75818,262.65167,210.28615,159.1329,313.61096,127.35701,166.83687,394.0953,253.41481,357.64017,115.751686
182,154,259.70706,208.89195,157.90527,313.63046,130.09511,169.93611,390.4795,249.093,347.71738,118.60681,261.48166,209.90427,155.0146,311.6163,127.9199,163.84442,392.69904,256.08298,357.881,118.07875
183,168,258.94376,209.36882,152.83098,313.18567,133.1548,168.18446,393.04016,254.2007,347.7507,122.73814,260.41373,209.66342,150.79303,310.09766,129.1994,161.43759,392.18127,259.03534,357.6075,120.87537
184,163,258.61325,210.43755,154.56332,304.48776,125.84815,161.03125,381.76285,257.1543,357.89417,120.958885,259.58585,209.76607,148.98592,307.42645,128.50574,158.92474,389.28452,261.01346,359.06833,122.180145
185,160,257.06747,211.07349,149.6214,304.2955,126.46144,159.91208,382.28217,261.02344,355.32617,126.07494,258.5123,210.00409,146.30823,305.12103,128.0604,156.54108,386.95065,263.58646,359.7017,124.4779
186,159,256.2492,211.31165,151.63258,297.52533,123.35121,157.68271,377.11768,260.9528,359.54785,126.43702,257.43127,210.28366,144.81718,301.76947,126.956474,154.29533,383.8434,265.46698,361.04257,126.362236
187,160,257.3646,211.6794,144.55649,299.4048,129.18872,153.69743,377.17657,266.78992,360.4758,131.73366,256.86017,210.59431,142.44235,299.65887,127.35095,151.94801,381.39368,267.92957,362.13754,128.89067
188,169,257.70407,211.61862,137.27736,301.6623,135.56252,152.09985,380.7446,272.54398,358.57706,136.42322,256.4424,210.86159,138.77759,298.3653,129.14276,149.59128,380.08298,271.32983,362.63293,132.13043
189,164,257.04962,211.39679,139.044,294.7308,133.86668,147.89334,376.67963,274.02875,363.7017,136.3118,256.04855,211.04013,136.3186,295.90228,130.33487,146.90616,378.1748,274.315,364.0492,134.72679
190,165,256.26,210.68687,136.94258,291.8339,133.84805,144.39767,374.46317,275.6643,363.956,137.67252,255.74643,211.01137,134.75491,293.8701,131.24065,144.79088,376.56165,276.24777,364.83862,136.53412
191,160,255.77863,209.46715,135.3517,288.36896,135.49243,140.4607,373.5856,278.0451,365.44287,137.84587,255.25856,210.73596,132.46436,290.91068,132.46918,141.5243,374.6531,279.02924,366.12958,138.57578
192,170,254.89053,208.15466,136.18947,282.20255,132.4459,136.56209,369.92972,276.39484,370.5957,136.20767,254.69885,210.18356,130.96957,287.14923,132.85104,138.07983,372.3185,280.79077,368.25644,139.7735
193,154,254.26784,206.60234,131.21217,281.39685,135.67262,133.95164,369.9377,278.4709,367.03,138.28876,254.15266,209.34688,129.05823,284.08542,133.81645,135.00102,370.5616,282.28595,369.0759,140.91133
194,158,254.40431,205.04243,134.1808,273.87927,130.71698,128.34914,364.03278,273.97238,372.4891,137.65543,253.58272,208.17955,127.73659,279.19873,133.60243,130.51573,367.36246,282.85184,371.2587,141.99551
195,158,254.01018,203.05418,135.28372,271.3153,131.70285,124.77561,363.57507,274.1557,373.9538,134.3247,253.24403,206.83618,127.97955,275.70557,133.43382,127.30393,365.36615,282.2881,372.77734,141.34297
196,167,253.478,201.68196,131.14024,268.06738,131.34909,122.068535,360.89267,272.67334,373.87436,136.57211,252.78093,205.36568,127.17378,271.86423,133.22522,123.81371,362.97626,281.55585,374.12393,141.34859
197,171,252.65016,199.93254,124.73574,268.9725,137.97664,122.17617,365.31265,277.36606,367.56885,138.1222,252.23141,203.67082,125.07476,268.74594,134.52953,120.83626,361.91333,281.90067,373.84323,141.65479
198,169,251.6648,198.5564,129.50647,262.7708,133.0819,114.59505,359.0938,275.6528,376.19855,133.32362,251.55103,201.905,124.539955,264.93347,134.52902,116.853905,359.78598,281.62094,375.3914,140.6727
199,156,250.91312,197.18048,124.40213,261.1759,136.9541,120.378044,367.55554,276.8284,368.69818,137.81432,251.09996,200.38318,123.545,262.38834,135.24997,115.801796,360.42303,281.2559,374.66217,140.53976
200,176,249.89539,196.29433,124.83856,260.13748,132.67722,113.665726,358.65323,273.9894,371.86758,134.24803,250.16513,198.45992,122.16511,258.75302,135.06458,112.25832,358.42355,280.60315,375.07172,139.84448
201,163,249.10185,195.9284,101.82751,269.62985,139.10176,120.04898,368.68332,279.47296,349.37085,145.93793,249.63641,197.07689,116.150856,258.7945,136.26299,111.63552,359.5251,280.97095,369.85095,141.70668
202,157,249.20758,195.85922,125.082405,258.8859,133.02425,113.978676,360.07697,275.035,371.69943,133.886,249.07535,195.98143,116.62115,256.85614,135.83827,110.19271,358.7404,280.14462,370.38474,140.44183
203,162,249.79863,196.2272,120.49976,260.18442,133.44063,114.761986,359.80286,274.26627,368.03326,137.95491,248.75656,195.14497,116.00428,255.47446,135.55298,109.13095,357.99796,279.22552,370.0067,140.25446
204,145,249.01419,196.81956,124.13634,260.43857,129.90382,112.25633,358.02197,275.23752,371.24265,134.77551,248.32579,194.69424,116.58174,254.72401,134.44148,108.01461,357.12204,278.575,370.39038,139.28888
205,154,248.8097,197.10301,124.8004,259.5952,130.39508,112.864075,356.63266,274.8429,375.40836,133.53326,248.06122,194.64806,117.59628,254.5489,133.6057,107.84526,356.40674,277.88806,371.56583,138.15929
206,157,248.37537,197.17378,117.95772,261.54565,132.88033,115.72268,357.6846,275.30093,368.34158,138.1725,247.70543,194.48766,116.76712,254.44737,133.4135,107.952576,355.809,277.40707,371.09207,138.20105
207,178,247.91585,196.88795,118.77045,260.72675,131.8845,114.411964,357.19775,275.60776,368.96487,137.26682,247.46297,194.54657,116.581566,254.76889,133.05956,108.335655,355.52872,277.0489,370.75446,138.0314
208,151,246.8783,196.4851,125.03543,257.86264,125.7846,109.71026,352.46414,273.1663,375.87967,131.73398,246.84859,194.3554,117.59141,254.15681,131.40308,107.38937,354.08002,276.19574,371.97168,136.68481
209,152,246.38313,195.99413,116.1888,261.9338,128.44699,112.55169,356.39786,274.87152,365.52557,135.8689,246.34763,194.21382,116.68489,254.72119,130.49881,107.36939,353.76706,275.7993,370.76175,136.3736
210,168,246.24876,195.80685,116.06325,262.32507,128.78777,112.83604,358.0806,275.856,365.78806,134.94763,246.06746,194.23956,116.13324,255.68056,129.92316,107.831474,354.16492,275.7213,369.75226,135.97179
211,163,246.12288,195.67299,117.90219,260.83066,127.4998,112.676926,356.33655,273.8193,367.36566,134.2814,245.67502,194.13629,115.9064,256.05374,129.04965,108.02487,354.0039,275.17856,369.17795,135.42694
212,166,246.20778,195.5029,118.63643,262.4405,127.900925,115.185555,358.55078,272.79898,364.93863,133.42354,245.53021,194.16234,116.08882,256.96548,128.53207,109.0164,354.55936,274.5599,368.21164,134.85768
213,172,247.12279,195.94852,123.436035,263.23123,126.2793,114.13591,356.45068,270.9725,366.91327,131.01147,245.42947,194.17075,117.191154,257.85782,127.53031,109.53197,354.4544,273.48065,367.67386,133.6808
214,161,248.60976,196.47263,105.857414,276.05197,136.30708,123.2673,368.19647,275.49185,351.86136,139.11128,246.06372,194.46797,114.10911,261.94437,129.12462,112.39162,357.33066,273.61124,363.56592,134.59637
215,165,248.45168,196.7542,126.389275,269.2197,128.59682,123.24936,365.38785,269.47565,363.77133,128.51942,246.43843,194.80894,116.50699,263.7267,128.867,114.827255,359.1416,272.51727,363.19,133.09883
216,147,248.48866,196.61667,128.22621,270.69617,126.18259,126.788635,362.89655,262.90533,365.53857,124.74297,246.65736,195.03809,119.00956,265.84326,127.96885,117.970566,360.25333,269.82025,363.0258,130.70848
217,153,248.95248,196.89073,129.36383,279.58417,127.61772,131.07967,370.64563,263.90042,358.1992,121.583595,247.13618,195.35605,121.77187,270.15784,127.50226,122.104836,363.32483,267.5103,361.04352,127.61328
218,157,250.3131,196.54799,134.08836,280.9758,126.33282,134.87132,370.729,257.40283,356.22165,119.84813,247.87294,195.61142,125.17973,273.718,126.9499,126.1296,365.69434,264.30475,359.22586,124.95004
219,163,250.40457,197.18597,142.51122,282.96988,118.90136,137.27362,369.4852,252.35976,359.8601,110.417946,248.29274,195.96425,130.01685,277.0564,124.699554,129.95258,367.29138,260.4948,358.67834,120.516075
220,160,250.71754,197.8989,144.02107,286.438,121.272125,143.5864,373.9444,250.52377,356.5195,110.359375,248.89929,196.45412,134.55978,280.7797,123.340775,134.7928,369.75833,256.7627,357.3933,116.681175
221,150,252.68768,197.7202,133.49269,300.7054,132.27446,151.91362,386.18753,249.47787,345.23795,117.9853,250.22333,196.81912,135.57812,286.99487,124.95863,140.49681,374.56793,253.68137,353.7801,115.60561
222,149,253.03978,194.98169,133.65414,314.1987,131.20789,154.87132,387.79892,240.30948,334.2205,114.14918,251.5645,196.56992,136.57382,295.91275,126.122826,146.37665,379.29166,248.62872,347.82138,113.65223
223,163,254.4338,190.33311,163.22806,288.3602,114.09853,151.7555,379.09012,225.46628,354.8102,82.755936,251.82199,195.21063,143.35632,295.8754,123.30962,149.1098,380.26813,242.22292,348.44846,105.7895
224,167,255.21439,187.22418,165.42412,295.4316,119.44835,157.383,388.1004,217.32019,342.68073,82.126465,252.57516,193.43529,149.44127,297.53833,122.15568,152.70705,383.1091,235.1224,346.25174,99.14778
225,161,256.1242,185.20575,169.5832,295.50372,117.6003,160.77463,388.7165,209.44633,339.2701,79.55022,253.53714,191.46823,155.98848,299.29657,120.67288,156.92944,385.95343,226.79707,343.4033,92.41671
226,156,256.26413,182.88362,180.04071,287.79297,112.657104,163.85286,384.4451,200.6956,343.58075,63.065014,254.19101,189.28372,163.74135,298.79367,118.35068,160.94403,387.26785,217.93686,342.04465,83.22463
227,165,255.56326,180.353,179.75684,299.31726,114.0158,168.87238,387.451,191.88895,328.01248,67.01764,254.9828,186.857,170.08725,300.56378,116.70173,165.17169,388.81775,208.72122,337.64648,76.46807
228,145,256.08975,178.65643,184.13808,304.42178,120.0376,174.72194,395.13486,183.54222,320.1829,67.00477,255.97504,184.21689,176.5151,303.15198,116.63271,170.05875,391.79904,198.88902,332.06183,70.682686
229,155,257.8983,177.77124,192.53476,303.97864,116.24578,179.68173,391.85196,176.79768,318.55576,61.066463,256.97046,181.9442,183.36122,304.97482,115.88253,174.89597,393.3599,189.62143,327.15353,65.021385
230,154,259.92416,176.49495,195.5979,311.68643,124.07635,182.70734,399.09427,170.9957,313.68176,63.939003,258.3765,179.63194,189.79521,308.16946,117.048615,179.6002,396.2263,180.52974,321.89374,60.99741
231,163,261.2557,176.17966,203.38593,309.99835,124.56544,185.6111,400.91632,167.42274,313.045,56.901077,259.6713,177.67404,196.84035,310.41678,118.278496,184.08315,398.99658,172.23462,317.34747,56.276363
232,154,262.21652,177.03912,209.99176,308.46194,123.90235,191.53143,400.7034,163.39276,311.0685,54.631187,260.80716,176.45975,203.579,311.62778,119.282135,188.63708,400.98148,165.28038,313.5117,52.479057
233,155,261.3348,176.99554,215.22183,311.89142,125.693474,198.85954,398.989,155.68842,304.59265,51.049393,261.58694,175.43167,210.58061,313.41098,120.593216,194.22066,402.27844,157.57574,308.7393,48.446987
234,163,258.7881,176.33385,221.06895,313.17007,122.44512,206.69562,393.21085,147.2853,295.04022,45.556797,261.56818,174.58563,217.46246,315.0254,121.02275,200.47029,401.83597,149.65671,302.73444,44.169983
235,164,256.93515,175.55196,226.27992,318.23846,121.45109,214.45601,389.1136,138.48827,284.78317,46.84047,260.98975,174.11115,222.54196,316.83786,121.14804,205.97017,400.0365,143.34476,296.70926,42.27682
236,165,256.5218,174.85301,234.36855,330.64767,128.20398,218.93857,393.04727,128.89569,273.85666,54.226906,260.66656,173.1828,229.89868,321.56497,122.765175,212.69577,399.57062,134.31853,288.1849,41.440838
237,151,258.90646,174.90887,240.7586,323.54767,122.81245,225.86441,386.94467,127.87325,274.69568,47.155155,260.5162,172.81128,236.71754,323.76636,122.974464,219.27081,397.58612,127.46009,281.67105,39.89346
238,169,259.86078,175.88606,247.98041,318.8226,128.81927,231.07526,386.53873,123.46171,271.08282,43.22646,260.5186,172.72646,244.1904,324.57297,124.49959,226.1193,395.66394,120.645294,275.22842,37.79413
239,159,260.53775,177.22916,254.70377,324.25247,133.6655,236.02046,387.74625,119.256485,266.00885,44.240963,260.68423,173.0452,251.6547,326.2459,126.93289,232.732,394.14215,114.48614,268.92865,36.575253
240,138,262.06,178.30602,260.6906,321.97864,137.41579,240.79982,392.8782,113.72572,263.5519,42.931652,261.08054,173.78261,257.1687,326.49176,129.57129,237.55045,393.92905,110.38511,264.80634,36.248814
241,154,264.5323,178.88803,269.158,362.69153,160.07516,239.12292,417.22873,92.04724,261.96033,70.193344,262.10333,174.3175,265.16605,336.07468,137.10612,242.52086,399.1367,100.6433,259.7843,41.459526
242,156,268.2314,180.25229,273.45874,318.3203,145.07907,250.88858,389.83643,111.516235,263.01718,37.034492,263.62338,175.6809,272.43613,334.43127,140.37556,248.87077,397.6391,97.22001,256.24066,39.06018
243,154,272.40567,179.82677,282.4735,332.69058,153.92857,252.46915,396.77646,104.62961,264.09668,50.781193,266.07428,176.84737,281.02286,336.1513,145.43004,254.89781,397.84592,92.75634,253.45045,40.15794
244,145,276.7299,179.19351,291.74194,322.74588,155.80861,253.24959,401.5825,103.80547,262.60352,42.114788,268.88394,177.5361,287.5209,334.45126,149.17236,257.8494,398.9269,91.46377,252.7266,39.76064
245,153,280.98883,178.79588,294.3083,311.52264,164.3126,254.66046,399.92917,102.52163,266.4994,32.261272,272.5995,177.9773,294.65613,330.63562,154.7003,261.42236,399.55832,89.30996,252.4436,37.009804
246,158,284.43393,178.4512,302.6456,317.2155,167.10295,259.03055,400.8575,99.565735,266.3595,39.1443,276.50467,178.21368,301.90622,328.36288,159.8446,264.85443,400.25818,87.504684,252.71751,36.3384
247,140,286.9376,179.43419,307.8468,314.51294,171.39378,263.79355,400.23752,97.79748,265.07156,36.793594,280.30865,178.54457,308.4676,325.66095,164.88432,268.25455,400.65665,86.21471,253.13039,35.412994
248,150,290.08463,180.80547,314.0289,317.19897,177.44118,267.68372,400.93716,96.41606,265.52826,39.725384,284.3216,179.08835,315.31277,323.8564,170.55128,271.89252,401.14044,85.01466,253.76866,35.338608
249,144,293.4035,182.07361,322.33865,321.65463,186.3928,268.29913,407.7493,91.11966,265.2693,45.350613,288.1606,179.83562,321.93808,323.29327,176.86647,274.3942,403.01022,83.49425,254.69356,36.757236
250,137,296.98355,183.60124,325.9643,318.11826,187.46295,273.75864,404.88333,95.91644,266.93768,43.149315,292.3199,180.76157,328.3873,321.9922,182.56555,277.69672,403.99188,83.37864,255.96909,37.548264
251,148,299.06107,186.33327,330.59723,325.67194,195.54012,279.59116,403.24893,93.63029,269.63116,55.426582,296.67236,182.30388,335.53,322.58838,189.8435,282.18375,404.51767,82.73453,257.82208,41.24779
252,159,299.80563,190.1731,339.79044,318.97885,193.78665,289.77618,402.17303,95.207466,256.54895,50.089428,300.27237,184.53769,342.9364,321.52118,195.1548,287.9619,404.5802,83.191925,256.54276,43.40548
253,159,300.66412,193.7009,342.7035,325.15677,196.882,299.32312,392.533,101.39684,256.59854,55.23271,302.97958,187.19344,348.61172,322.18494,199.52728,294.45422,402.0724,85.74258,255.67029,46.567112
254,159,302.05014,197.30496,347.99176,321.20093,205.21144,303.52112,395.55487,96.00843,252.39294,62.774883,304.52356,189.92268,352.33444,321.85712,203.54938,299.25165,400.66473,87.13051,254.30661,50.71451
255,146,302.58694,200.51996,355.07074,327.70206,209.75145,308.56714,394.8783,94.44351,249.65555,71.7085,306.29565,192.9984,357.83688,323.06635,208.5164,304.99796,399.3213,87.78217,252.39949,56.403023
256,147,301.8073,203.80428,362.09122,336.03116,216.21878,311.4076,392.70062,90.96012,248.45975,86.323456,307.2211,196.12476,363.17072,325.99377,213.51628,309.82053,397.7006,87.72832,250.67659,64.34057
257,146,299.41818,207.04424,358.28278,327.46863,213.27635,323.97437,380.6604,98.182465,237.23146,79.34584,307.37363,199.72435,366.85562,326.61197,217.13576,316.80313,393.5517,89.34202,246.64183,69.671684
258,154,297.93216,209.0672,365.08224,337.0771,221.88979,320.52283,380.34854,89.82934,239.20833,96.71267,306.9013,203.04155,370.97946,329.3036,221.76793,321.61884,389.8857,88.95548,243.69261,78.03458
259,150,294.90082,211.06987,365.08215,330.76654,216.19582,332.80392,370.42346,95.83699,225.1733,91.73966,305.47418,206.2279,373.61966,330.12238,223.75293,327.71158,384.6623,90.06979,238.2734,83.620445
260,139,291.22012,213.46205,364.5559,326.57468,217.60448,338.2497,361.6499,95.75168,214.91928,95.38866,303.3009,209.54483,375.68057,329.8786,225.70078,334.19138,378.09186,91.05245,231.21072,89.28724
261,143,286.4104,215.80415,365.0499,325.74838,217.37372,346.83713,350.1023,96.70852,205.04854,101.69201,300.14804,212.75038,377.02618,329.39597,226.89119,341.28003,369.86047,92.1799,222.98662,95.29343
262,158,282.63748,217.85634,365.3633,326.47794,218.89886,349.25546,342.80762,95.7135,201.53984,111.03598,296.58304,215.07758,376.8808,329.01096,227.11427,346.0189,362.3596,92.92096,216.44395,101.00612
263,163,279.63983,218.81981,370.0544,331.02823,219.63846,347.07422,338.88855,94.240456,195.66823,114.29142,292.72018,217.7442,378.497,329.73416,228.0695,350.7608,354.17892,93.26451,208.6292,107.613785
264,169,277.6063,219.43405,365.1293,324.43738,220.25038,352.6471,331.9726,95.30219,188.69556,112.44362,288.89542,219.88487,378.1627,328.8612,228.48256,355.16672,346.14923,93.786674,200.95595,112.20114
265,157,275.1663,220.30719,368.06665,323.60178,222.42622,353.37946,326.0697,94.168495,185.6277,120.45003,285.25836,221.4632,377.94208,327.88486,228.83112,358.1636,338.81592,93.968094,194.55869,117.00411
266,157,275.13864,218.4896,367.55334,323.22327,222.49567,350.09042,326.89374,91.40065,187.19334,118.52037,281.82825,222.72382,377.85132,326.92374,229.35608,360.57977,331.92197,93.538055,188.67654,121.335335
267,156,276.23447,214.9786,376.90164,328.827,225.94598,334.16888,333.9712,80.48584,197.23178,125.358345,279.734,222.54297,378.9463,327.28876,229.81786,357.70892,329.30206,90.84916,187.50223,124.873695
268,151,277.40796,212.05504,364.86386,314.1853,222.991,340.08948,330.01694,90.414665,189.80133,109.44234,277.7514,221.92004,377.70868,324.43872,229.93268,357.07797,325.16452,90.52617,183.97238,125.449455
269,154,277.0996,209.69073,370.84842,318.41058,225.0169,333.2795,331.79117,82.16721,193.78607,112.78329,276.28152,220.63728,377.50537,322.8336,230.1148,354.30127,322.8547,88.48672,182.62592,125.79906
270,138,277.77164,207.39034,366.5266,309.75113,225.09299,334.51865,330.063,83.40955,190.13388,106.015625,275.18573,218.71333,376.26038,319.44412,230.21223,351.88425,320.61755,86.922,180.81598,124.38396
271,151,278.3515,204.28046,384.58664,323.01733,229.43848,323.2334,333.55753,72.38878,202.27084,118.98992,274.57214,216.52989,379.07147,319.5178,231.088,346.79715,320.0596,83.07016,182.55743,125.576
272,151,279.424,201.68864,369.72284,303.27982,227.39604,328.09476,332.11926,75.92251,190.64159,101.50351,274.7929,213.54861,377.79788,315.5658,230.98355,343.25604,320.52237,80.92596,182.53935,121.90785
273,152,280.01147,199.03455,374.01358,303.30933,229.46736,323.06903,333.01236,71.30433,192.63797,101.823685,274.87292,210.42668,377.8185,311.82285,231.56265,339.05426,320.48398,77.75305,182.42345,119.09806
274,160,278.64755,197.6358,372.29053,300.20828,228.66609,328.26312,327.83853,71.459,188.55128,98.65518,274.80435,207.2224,377.29462,307.93903,231.73952,336.40854,319.77316,75.12164,181.80933,115.56558
275,148,275.64032,198.09912,372.00888,294.1928,230.50667,331.64746,319.89896,69.83751,176.55841,99.00893,274.43298,204.86089,376.5591,303.95197,231.9881,335.07236,318.32065,73.07096,179.43466,112.41302
276,156,271.47488,199.55061,372.98724,290.79886,233.52098,335.78455,308.98294,68.17536,165.20581,103.745964,273.02072,202.97778,376.2189,299.2578,233.02965,334.67252,314.15442,70.56346,174.39684,110.69378
277,164,268.2703,200.44855,376.92444,286.21066,239.28534,337.96497,298.02347,63.559917,159.4417,114.28629,271.18942,201.61177,376.71097,294.38278,235.11433,334.90778,308.38568,67.56409,168.97252,111.47911
278,172,266.74207,200.75688,382.61148,283.24408,244.71857,335.588,290.7133,59.63486,156.08418,121.73326,269.3189,200.48491,378.37747,289.69272,238.08003,334.6542,301.9574,64.23932,163.72682,113.85309
279,156,265.7592,199.89368,379.73462,275.78162,247.35175,341.76315,284.50134,62.26735,147.05559,120.60376,267.5849,199.53107,379.17203,284.02713,241.24611,335.88303,295.0538,62.03444,157.22386,115.70768
280,164,263.91794,200.12706,379.91476,269.96844,252.5937,343.24878,275.83395,60.791767,136.91583,123.405624,265.86578,198.95149,379.7963,278.34958,244.94128,337.35822,287.75278,60.16541,149.88806,117.87348
281,166,260.97107,201.56798,400.42346,273.75308,257.732,330.9526,265.9141,43.391903,151.31262,144.59445,263.76938,198.23418,384.70425,274.99277,248.89235,335.93124,280.1481,55.141876,147.52905,124.214424
282,167,258.09326,202.44345,382.068,260.8457,261.09082,346.58737,256.063,61.795998,124.40801,139.2269,261.4505,198.56117,385.0883,268.77875,253.3585,338.1314,270.7185,54.542915,139.04926,128.80728
283,178,255.19637,202.57043,383.438,255.23027,264.79816,347.38486,246.74191,61.34076,116.59508,145.41971,259.02502,198.94084,385.52002,262.7739,257.69788,340.26123,261.30365,54.36488,130.63988,133.91707
284,165,252.23251,201.8287,388.124,251.75307,268.4605,342.18582,236.37636,56.620247,118.64269,152.52815,256.13867,198.86948,386.92624,256.7602,262.32367,340.98972,250.72916,53.226078,123.74395,140.035
285,162,250.6712,199.84895,387.23724,246.28632,271.88132,340.821,229.9947,56.271595,115.201454,153.56439,253.44308,198.47867,387.84598,250.70718,266.87933,341.27856,240.63359,52.3884,117.47378,145.4124
286,180,249.41928,198.76588,385.3506,237.47232,275.56232,338.08066,223.3207,54.594097,105.713394,157.6199,251.50397,198.18349,387.8804,245.2233,270.5004,340.8038,232.9652,51.885548,111.89799,149.80154
287,153,247.86336,198.47713,388.70062,233.3094,279.60715,333.90134,214.5111,52.056366,110.33577,164.24915,249.42004,197.72871,388.65002,239.54843,274.52142,339.53418,224.38445,50.866474,107.97243,155.0176
288,172,245.5882,199.75053,386.3353,228.75253,283.61694,335.4406,205.76889,54.149944,101.73168,169.88895,247.06635,197.6381,388.85825,233.36842,279.06158,338.73135,214.6484,50.359184,102.48097,160.9794
289,185,243.53737,201.01921,386.47778,223.2337,288.00742,336.69177,198.07646,59.303368,99.080894,178.35283,244.60907,197.85405,389.02786,226.76202,284.00784,338.26266,204.43512,51.1184,97.16086,168.11584
290,174,242.33235,201.38988,384.7476,218.52878,291.2638,335.61682,192.52773,62.02025,95.134026,183.458,242.56523,198.24748,388.6389,220.88759,288.41458,337.61673,195.68965,52.659863,92.6313,174.78514
291,171,240.88654,202.00995,386.38962,213.71916,293.83502,332.83102,184.95296,61.236153,93.719955,189.95117,240.84224,198.76573,388.541,215.79437,292.0649,336.4858,188.0351,53.9833,89.40926,181.08289
292,166,239.56479,201.35513,398.965,209.09558,293.94183,325.0248,176.36171,55.10282,105.68794,194.65697,239.15575,199.00658,391.07663,210.77518,294.99103,333.8824,180.14604,53.864502,89.47909,187.19223
293,173,239.13083,199.73898,387.46033,204.57529,298.78406,326.9714,175.165,61.029556,94.86343,194.82446,237.69513,199.06082,390.9064,205.18866,298.73196,331.94882,172.63695,55.01713,87.13385,192.81912
294,178,238.12636,199.32404,383.77774,199.92674,300.6125,324.03708,170.30905,61.781933,89.15227,198.49182,236.26932,199.03322,389.8875,199.30415,302.38184,329.5429,165.08904,56.278183,83.95536,198.54292
295,166,235.99036,200.14671,384.2996,196.34647,302.59772,320.77002,160.88406,62.08737,91.573235,203.63667,234.79617,199.1903,388.98206,194.01147,305.55588,326.73914,157.379,57.53273,82.28017,204.09087
296,178,234.78192,199.81721,387.40234,192.58261,304.04712,318.5176,157.15497,64.832855,94.18507,206.27818,233.88612,199.28879,388.79077,190.5623,307.32498,324.2767,152.74075,59.160538,82.696045,207.58571
297,167,233.74796,200.47632,382.9945,188.54115,306.0436,316.03888,150.58655,65.67167,92.26806,211.5825,232.88332,199.5203,387.7053,186.60754,309.3621,321.61887,147.16464,60.728104,82.53562,211.83981
298,171,231.88345,199.75279,376.74445,184.28308,309.17526,317.73352,149.85402,72.7855,84.833984,215.24088,231.59088,199.57121,385.393,182.02367,311.93948,319.55933,141.8261,63.66993,80.73095,216.56119
299,183,230.62244,199.70477,374.61017,182.36508,310.73532,315.3364,145.13568,74.635544,83.260475,217.2357,230.17555,199.57372,382.77805,177.6571,314.47818,317.2122,136.27374,66.775215,78.88054,221.07881
300,186,229.02554,200.87317,375.46893,177.04292,312.19263,312.5833,138.71892,77.951004,86.09602,223.91995,228.71687,199.8359,380.6224,173.18082,316.66968,314.67014,130.76685,70.259514,78.23478,226.01677
301,175,228.09634,201.71005,368.44397,174.47804,315.5512,313.09033,136.99033,84.14249,80.719055,230.08545,227.76266,200.23701,377.52985,170.5805,318.1847,313.2645,128.14368,74.0835,77.37871,229.78972
302,177,227.15343,202.04771,365.98874,169.98201,317.55338,310.24524,132.04738,86.7345,82.06422,235.33554,226.48825,200.64967,374.1122,166.62689,320.369,311.14307,123.83401,78.2668,76.604095,234.96497
303,176,226.90736,201.66924,363.36786,167.86005,321.28168,308.23416,129.10336,89.83079,82.96702,237.10846,225.39764,200.90796,370.57266,163.11288,322.85605,308.982,119.99625,82.53068,76.353455,239.47961
304,182,226.89706,202.38408,361.40182,166.23825,321.50348,305.37,127.01677,92.26982,82.144066,241.05914,224.6414,201.26671,367.2916,160.46642,324.60287,306.7719,117.21259,86.43671,76.289986,243.46501
305,176,226.71155,203.08986,360.7715,162.79326,324.68732,302.81894,123.787025,97.002335,86.46953,245.02242,224.2673,201.6923,364.82986,158.49843,326.13837,304.8185,115.45368,90.14105,77.527016,246.55164
306,165,226.33365,204.27025,357.89597,161.42139,324.92258,300.43457,120.334076,99.57283,86.49465,249.58975,223.73996,202.31313,361.94168,156.1969,327.71008,302.47455,112.81365,94.09702,78.50565,250.54173
307,171,225.6465,205.1034,360.274,157.4539,328.02405,300.36652,118.82848,104.437035,88.41542,253.45189,223.08234,203.06067,359.80603,153.22112,329.82788,300.30658,110.0639,98.79084,79.825226,255.04655
308,173,225.87505,205.60358,354.16077,157.58871,332.2387,300.2555,118.88092,109.18303,86.35683,257.59155,222.9419,203.73425,357.39304,151.93968,331.73227,299.0972,109.23735,102.793,80.77987,258.26248
309,184,226.00827,205.51971,353.99564,155.61407,332.57343,296.93335,116.30945,110.21339,86.4303,259.71347,222.5828,204.38165,354.75156,149.69226,333.98203,296.90518,107.1517,107.277916,81.57318,262.49005
310,180,226.31522,205.74954,354.9341,151.77873,333.94653,294.41397,113.494965,111.61543,91.30336,262.17267,222.55344,204.94946,353.06165,147.57887,335.79135,294.81302,105.54434,110.89051,83.452896,265.85672
311,190,226.9517,206.009,353.34674,150.34026,336.27686,292.96902,111.859566,113.28222,91.98356,265.21863,222.84709,205.42638,351.6797,146.06071,337.41437,293.0781,104.51103,113.7103,85.25314,268.58722
312,194,227.4513,206.79156,354.6519,144.60994,338.65323,290.32468,109.42524,116.96487,98.15211,269.7643,223.25139,205.97723,350.90195,143.74396,339.16794,291.1557,103.33006,116.69323,88.09945,271.6244
313,183,227.72592,208.11177,352.15048,144.92105,341.03455,289.09625,109.66893,122.60097,97.19462,274.16635,223.66522,206.77803,349.6269,141.66588,341.3014,289.12076,102.258804,120.65626,90.469765,275.38422
314,177,227.87419,209.04254,353.15164,142.11935,343.29443,287.38538,106.339554,125.43486,101.711845,276.20218,224.1222,207.71179,348.78598,139.29483,343.64874,286.97617,100.71084,124.753044,93.639015,279.0756
315,166,228.55054,208.05466,350.10275,138.66212,345.5098,285.21075,106.59532,126.48887,100.987366,280.63196,224.79263,208.21872,347.7491,137.02054,345.75903,285.019,99.98614,127.87636,96.10787,282.4837
316,166,228.76595,205.57558,348.5497,136.34088,346.04892,281.49396,104.763405,124.19536,100.35722,279.54462,225.47153,208.00633,346.8327,135.07307,347.27777,282.9093,99.42768,129.402,97.865074,284.43948
317,184,228.81622,203.94928,355.84372,130.52184,343.70676,276.11404,98.948326,121.24713,108.65488,273.17334,226.16632,207.50465,347.5038,131.79083,348.30505,279.62827,97.43811,130.39772,101.419174,285.09308
318,171,228.43573,202.67572,350.00467,131.76096,347.04352,275.7957,101.83967,123.53742,102.18011,276.0789,226.6535,206.66994,347.289,130.19533,349.1967,277.52173,97.109436,130.68457,102.52418,285.1056
319,173,228.38687,202.69852,351.03378,128.36473,347.06903,274.30643,100.535225,124.45603,104.54911,277.50888,227.11865,205.96571,347.10156,127.51558,350.36047,274.87616,96.15338,131.65607,104.33833,285.98956
320,176,228.53108,203.13582,349.98798,126.68049,345.15808,271.59396,92.26921,122.01275,107.24316,279.23444,227.61908,205.36955,346.8718,125.099655,350.70096,272.20004,93.71774,131.57787,106.35481,286.73572
321,169,228.14597,203.06433,345.45642,127.5106,348.72552,271.1139,96.6236,127.756905,104.553246,282.40833,227.89816,204.82312,345.84274,123.6679,351.472,270.1837,92.917366,132.34824,107.20826,287.6071
322,172,227.95001,202.15665,348.69394,124.60448,348.0928,269.68893,95.755356,126.75859,106.23412,280.08368,228.12354,204.13199,345.7029,121.831375,351.94928,268.15204,92.0834,132.7182,108.286644,287.7518
323,186,227.5947,201.33932,346.55618,125.45031,349.98117,270.36813,97.76172,127.0397,103.50002,280.2494,228.15227,203.37097,345.26273,120.87127,352.5276,266.95865,92.13071,132.7563,108.3224,287.5246
324,171,227.49133,200.45798,344.7501,125.762665,348.70145,269.33246,95.97688,124.64705,102.689,279.70148,228.11238,202.55896,344.63474,120.515656,352.51276,266.0969,92.03768,131.98747,107.94064,286.90906
325,187,227.14543,199.29768,346.1411,124.31216,348.88574,269.74445,97.785774,123.364494,103.20303,277.14676,227.99463,201.65791,344.43884,120.00938,352.48032,265.55762,92.412025,130.99358,107.66709,285.76678
326,173,227.2895,198.36797,348.92606,122.87331,346.0989,267.91016,97.02688,121.02682,105.536026,273.68948,227.98021,200.6475,344.84515,119.20263,351.8778,264.63635,92.55301,129.63387,107.95054,284.0372
327,175,227.33437,197.03838,350.08835,121.26283,346.3112,267.48395,98.12728,119.43541,105.066284,272.26892,227.96863,199.41275,345.4978,118.10713,351.3471,263.7003,92.94779,127.98606,108.09799,282.0794
328,177,227.32112,194.11247,345.06046,124.42655,345.5942,266.94638,101.89312,115.79061,100.41845,268.97147,227.82275,197.7667,345.07867,118.28733,350.5236,263.18976,94.37782,125.54418,106.96094,279.43268
329,167,227.38692,190.86829,346.50168,120.980034,345.27502,267.5211,107.73667,111.982765,101.26875,264.61774,227.67874,195.71819,345.0844,117.8468,349.66995,263.05292,97.014755,122.52641,106.08076,276.11444
330,162,228.20515,185.89388,352.1487,119.125946,342.5593,263.55444,112.14121,106.0119,109.32189,249.71056,227.85803,192.83305,346.3951,117.084465,348.26996,262.08316,100.39631,118.464424,107.11156,269.74484
331,174,229.5348,182.3372,352.53598,119.24227,340.29745,262.4555,118.84554,101.22901,115.208824,240.7656,228.32292,189.5891,347.68906,116.599846,346.47705,261.1397,104.94099,113.81735,109.334755,262.10684
332,162,230.1994,182.09038,355.76413,115.03585,339.08893,263.9092,122.27675,99.93112,120.570786,240.42072,228.85869,186.92197,349.55374,115.42105,344.66083,260.86664,109.548805,109.68281,112.38538,255.6889
333,165,230.78917,182.21252,358.77673,115.83357,336.22443,261.70923,121.780205,98.94151,122.828514,237.99867,229.51918,184.57863,351.89578,114.59373,342.39996,260.1542,113.48591,105.83476,115.58489,249.51071
334,160,231.50504,181.77982,361.14273,114.85349,337.19705,261.98972,123.218025,98.53937,127.50262,235.27028,230.21016,182.59335,354.46564,113.7774,340.68866,259.72803,117.106964,102.56902,119.355896,243.77036
335,147,232.33255,182.48372,353.0657,120.06782,339.0623,264.62964,128.48116,101.52064,123.95999,238.29881,230.79117,181.59947,354.6016,114.5608,339.9097,260.25266,120.65612,101.16367,121.231285,240.70824
336,161,232.7288,183.28413,350.43848,121.90242,341.4699,266.25156,129.43175,103.46666,124.87774,239.31116,231.46172,180.55571,354.27786,115.49414,339.6091,260.9186,124.40141,99.96365,123.396645,237.59189
337,154,232.028,184.21411,347.80576,124.26893,331.8522,262.15637,127.03104,101.18206,125.87571,238.9668,231.86903,180.1286,353.28806,116.97628,337.3586,260.73395,126.75522,98.77358,125.21799,235.3916
338,157,231.43341,185.04674,357.75632,119.458565,332.02286,262.85062,126.489944,102.82768,131.91512,236.52316,232.0881,179.90146,354.66647,117.2358,335.30447,260.71524,128.83961,98.02627,128.31448,232.75136
339,170,230.92259,185.1701,347.79504,122.036995,337.17938,266.80975,129.38058,106.17176,131.0769,238.89905,232.12115,179.95248,353.49362,118.140274,334.80386,261.72858,131.0466,98.43729,130.66228,231.423
340,168,229.74889,183.3439,344.35086,124.41767,339.21802,270.63028,133.81215,105.89126,125.51458,236.72931,231.81548,179.8421,351.5565,119.540596,335.0816,263.61133,133.50204,99.0898,130.96396,230.43088
341,156,228.93318,183.51344,343.67374,122.34939,334.95746,268.25116,132.81425,105.73006,129.72711,236.19133,231.34276,179.95126,349.73474,120.25087,334.4703,264.67957,134.99419,99.80538,131.90988,229.89214
342,162,227.53128,184.01178,342.10202,124.703255,330.3037,266.1808,129.60869,104.7479,128.60553,235.01979,230.56964,179.9728,347.54575,121.56226,332.52914,265.20422,136.10692,100.033005,132.8972,228.54732
343,153,226.20651,185.0693,343.1996,116.84792,331.237,268.94873,127.81903,105.52396,135.89973,237.5255,229.50256,180.65666,346.1818,120.6306,331.60745,266.22424,135.44395,100.86379,134.61858,229.27327
344,158,224.8153,186.86334,334.81577,123.885506,329.6456,270.59766,130.01483,110.19189,129.66365,241.13121,228.33168,181.68773,342.926,121.54892,330.35098,267.5252,135.54825,102.66401,134.71637,230.6191
345,142,222.5035,188.02719,334.40128,126.71605,328.6065,275.07758,133.51118,114.075806,123.86752,241.86758,226.81442,182.91324,340.18634,122.971146,329.20197,269.64056,136.18494,105.198326,133.156,232.2344
346,152,220.61456,189.55043,327.37018,125.34754,329.24884,278.3204,131.8974,116.12593,124.138,247.35524,225.19435,184.34964,336.41116,123.7997,328.5228,272.08865,136.14993,107.80149,131.75464,235.0201
347,160,219.76877,191.209,331.75284,122.3,321.6904,275.70734,128.46758,114.533264,128.1975,247.34978,223.55113,185.93108,334.21323,123.79986,326.2372,273.56998,135.29378,109.66492,131.45499,237.43674
348,139,219.24907,194.06999,321.4545,128.60997,326.05984,282.33896,130.92137,120.1104,119.058304,258.00937,222.21497,187.97647,330.22928,125.16033,325.40573,276.20377,134.97136,112.43975,129.0635,241.94168
349,152,218.8178,198.24939,327.465,128.7194,325.7364,281.40457,128.01204,126.69887,127.32948,256.58817,220.86241,190.63803,328.12866,126.36907,324.6323,278.28076,134.00746,116.34605,128.81453,245.58089
350,157,218.28278,199.53885,322.48642,133.18709,325.85455,283.81644,130.63396,129.94083,119.74622,262.06326,219.50146,193.45827,324.96625,128.56705,323.92972,280.80777,133.72972,120.78528,126.77995,250.29807
351,157,218.45415,200.0345,319.07632,134.88269,326.43552,282.13748,127.23959,129.79025,126.15207,259.58038,218.636,195.68085,322.18106,130.58809,323.827,282.0998,132.52911,124.02518,126.52502,253.37296
352,151,218.82474,200.77936,316.75195,133.31813,325.3645,282.11874,128.63972,131.01193,125.03358,265.16364,218.14091,197.53339,319.6715,131.77945,323.635,282.9607,131.80646,126.71051,126.09134,256.93088
353,150,218.77383,200.06836,322.41956,127.99741,324.58762,281.66785,129.23784,130.0893,128.04305,262.94016,217.57538,199.08977,318.5209,131.73297,323.21564,283.74658,131.31635,129.05458,126.36353,259.73404
354,151,219.08556,199.07207,326.32745,126.92283,321.58792,278.51886,128.72696,128.10384,131.71407,257.64627,217.17888,200.24126,318.48447,131.3879,322.1744,283.6687,130.74054,130.64877,127.47757,260.99164
355,165,219.57556,199.27498,322.78555,127.870285,321.1115,277.99768,128.70045,127.85499,127.55842,262.71786,217.13559,201.00412,318.09155,131.1147,321.32288,283.1956,130.22662,131.52515,127.51335,262.8303
356,152,218.94965,200.64627,317.5126,132.97002,326.39215,281.77026,131.41774,133.65604,124.164024,265.50525,216.94263,202.0282,316.44196,132.10394,321.8185,283.6774,130.41212,133.75099,126.72051,265.21326
357,157,217.7522,200.4163,337.98502,121.22926,312.65637,272.0015,121.06293,126.48763,134.84276,254.83434,216.66365,202.77345,320.39236,129.94232,318.9657,281.4961,128.00247,133.6167,128.68124,264.33688
358,152,216.42792,200.48373,323.20792,126.79538,321.81262,279.83612,124.89649,130.63681,128.46976,260.97195,216.21991,203.02634,320.45663,129.35587,319.00308,281.39676,126.96587,134.04233,128.76566,264.62405
359,152,215.78195,200.93333,317.10345,130.91837,321.95132,280.74905,125.424385,132.0656,119.396095,267.3124,215.7508,203.19267,319.1728,129.819,319.17172,281.4815,126.29034,134.5401,126.67773,266.17178
360,160,213.53404,200.51239,319.5381,128.4408,320.86826,280.4286,121.62669,131.15326,121.15503,263.10406,214.84091,203.237,318.64978,129.63646,319.0692,281.47665,124.83406,134.74194,125.305275,266.5026
361,159,211.74347,200.8486,318.18924,125.727615,320.68732,281.03604,118.14332,131.01408,119.89018,265.44977,213.66173,203.30275,317.9266,128.83212,318.9772,281.59512,122.778336,134.80646,123.81836,267.25592
362,163,210.45924,201.43782,320.46246,122.48726,319.45648,280.88068,114.92973,130.85622,120.75075,265.60355,212.52208,203.32828,318.00458,127.41299,318.74725,281.59973,120.49352,134.57964,122.84759,267.64883
363,148,209.19122,201.34344,324.13702,120.000015,317.85986,277.2742,108.79545,130.21518,118.24292,265.4892,211.21428,203.36594,318.8802,125.60587,318.1686,280.79648,117.07745,134.26707,121.41559,268.00406
364,167,208.29597,201.1342,322.91763,124.05234,317.684,274.8037,105.08755,130.664,114.17441,264.21667,209.46335,203.47179,319.35403,124.721146,317.41492,279.3516,112.31081,134.22859,118.74556,268.26547
365,154,141.94257,205.71043,127.61242,168.15312,135.674,216.85191,136.10742,216.11075,134.97809,187.7672,179.5015,202.1774,264.189,136.62675,264.87735,261.3525,117.10474,158.31271,122.36525,246.25743
366,160,207.65096,200.99121,318.9959,123.772,324.60217,278.60696,103.58733,130.94879,104.05311,272.60126,183.37498,201.96411,273.3734,134.0426,275.55188,264.16754,112.791626,153.6472,117.1584,251.77501
367,172,206.16484,200.47917,325.24454,121.99808,323.35938,275.20612,95.7991,129.10413,100.723946,269.74368,186.64272,201.65965,283.0957,131.43077,284.46606,265.8028,107.58574,149.07417,112.33657,255.58757
368,178,205.26659,200.49715,323.50458,123.96472,324.5888,276.57602,92.20646,127.39178,94.3918,272.02667,189.52466,201.382,290.79492,129.84521,292.19754,267.64877,103.18763,144.85603,107.517,259.12378
369,180,205.3132,198.68446,332.47736,118.411705,319.38794,272.06592,86.26633,121.02103,97.238365,266.68198,191.5873,200.78438,298.7098,127.29454,296.95032,267.93195,97.788025,140.1474,103.828705,260.79413
370,168,205.5758,197.79276,330.8259,122.18517,322.50226,273.40128,86.9615,120.0267,92.40686,265.87787,193.73572,200.08347,305.07523,126.07878,301.8035,268.6726,94.20931,136.013,100.35442,261.9489
371,177,206.80437,197.46584,332.66135,121.2908,321.91864,271.8218,85.72416,118.16915,94.05149,265.4802,195.71689,199.39235,311.02008,124.7548,305.83575,268.85803,90.31618,131.95714,97.24958,262.92264
372,172,207.10275,195.24121,332.98868,121.30123,324.55093,271.74658,85.6413,115.031715,89.703285,263.9623,197.68076,198.32672,316.27902,123.66153,309.98038,269.10535,87.32528,127.7895,93.969345,263.40427
373,170,208.23537,193.59076,342.60162,119.269165,322.3819,268.64322,83.69078,110.59041,94.405426,256.3349,199.81676,197.04189,323.112,122.24637,313.25348,268.6714,84.296165,123.0737,92.11354,262.16113
374,173,209.2084,192.71483,334.5922,122.492584,326.33502,269.8717,86.842766,111.01695,88.81969,259.9052,201.93198,195.70459,327.3302,121.756905,317.0037,268.60437,82.605515,119.05758,89.49094,261.78867
375,170,209.0355,191.0089,335.90396,122.0764,326.2058,268.70197,84.72982,107.47392,84.93975,258.19894,203.73459,194.24992,330.92157,121.358475,320.04926,268.35977,81.16209,115.07448,86.765434,261.05826
376,179,210.01921,188.62224,335.23703,121.503334,326.93826,269.09085,88.02063,103.524124,80.63727,257.72952,205.39633,192.61691,333.42133,121.00217,322.5396,268.29562,81.070984,111.19552,83.92697,260.33234
377,185,210.77542,186.47855,337.93152,119.91988,325.94366,266.26584,87.11287,99.64965,80.26089,254.55418,206.9731,190.82198,335.99338,120.396,324.37146,267.6643,80.92247,107.18903,81.55012,259.0485
378,179,211.65483,185.00418,341.56937,119.38015,327.7025,264.58148,85.48805,97.33608,81.28589,250.62132,208.61502,188.90231,339.12637,119.725395,326.42444,266.7324,80.40202,103.05027,79.58599,257.05524
379,168,212.52008,183.5677,339.18332,118.043304,329.47528,264.95944,87.182014,95.17977,79.244286,252.2659,210.30263,186.86368,341.39255,118.833824,328.64346,265.9667,80.3829,98.85033,77.423965,255.57906
380,186,212.71663,182.80617,341.3515,116.36641,329.7253,262.9343,84.01012,93.49911,81.21127,250.48444,211.70613,185.05542,343.4389,117.766045,330.36523,264.90274,79.971825,95.22214,76.366356,253.94165
381,179,212.19731,182.91132,337.95752,115.111404,330.55496,263.6612,82.48474,93.2282,77.301735,255.37944,212.66585,183.68936,344.06967,116.65138,331.77106,264.2116,79.503746,92.460594,74.92912,253.70776
382,177,211.94014,182.26909,331.5365,116.75236,334.7508,264.14487,83.22699,95.31553,71.75024,258.79547,213.48203,182.37634,343.0815,116.04747,333.93774,263.71884,79.29887,90.556946,72.436005,254.30557
383,177,212.01479,181.42175,333.7229,113.253105,333.46802,262.43408,79.64759,91.944565,72.9275,259.05145,214.0287,181.20113,342.37854,114.82245,335.27826,262.97717,78.48355,88.567245,70.83492,254.99214
384,172,212.59192,179.98293,333.8127,112.34035,333.56522,260.45917,78.42866,89.539856,72.7979,257.7149,214.29692,180.26527,341.35886,113.83888,335.89084,262.1035,77.8637,87.21914,70.095024,255.38312
385,181,212.85371,179.02927,335.2216,108.870674,331.7069,257.7953,74.91638,86.38171,74.60365,258.0183,214.59396,179.21808,340.8494,112.24423,336.07867,260.7799,76.55692,85.31045,69.776764,255.76492
386,175,213.24713,177.63109,337.428,108.30278,332.79095,256.4866,74.51403,84.89811,76.431274,253.7439,214.95549,177.94797,340.8928,110.67826,336.51505,259.3023,75.27905,83.22735,69.83999,255.18579
387,172,213.19705,176.09053,338.02136,105.10445,333.40842,255.75615,74.632645,83.02162,74.3552,254.77377,215.22618,176.50496,341.0067,108.58743,336.96857,257.82504,74.193146,81.04631,69.539734,254.89182
388,190,213.20462,174.72855,338.77475,103.868355,331.667,252.4719,70.390305,79.73961,74.30055,252.84035,215.45801,174.82803,341.2655,106.306915,336.9492,255.64613,72.17571,78.244835,69.28819,254.15762
389,180,212.8652,173.636,336.63565,102.141556,332.16922,252.19675,69.30114,77.82383,72.267746,254.56837,215.23029,173.84868,340.62616,104.67134,336.46716,254.29504,70.86735,76.778725,69.28391,254.07912
390,174,212.59338,172.52644,335.89807,100.43674,332.75217,252.31691,67.940025,75.17877,70.87595,255.09236,215.0871,172.45703,340.0138,102.549965,336.36502,252.8915,69.13544,74.3655,68.73015,254.06786
391,171,212.35654,171.40776,334.30508,99.43757,332.3614,250.76213,66.444984,73.62581,70.0184,255.11855,214.8131,171.19853,339.01782,100.69326,336.0355,251.49643,67.48853,72.30622,68.23311,254.1129
392,184,212.4654,171.8736,331.74722,100.71784,333.8062,253.03493,68.94045,74.58615,67.19488,258.23004,214.50748,170.62822,337.5687,99.85674,335.89355,251.1664,67.0453,71.48065,67.48324,254.88399
393,173,211.50948,172.98306,336.5796,98.44234,330.90622,251.1629,60.370235,72.6915,72.79369,255.36815,214.05182,170.12074,337.35657,98.338615,335.22586,250.25221,64.51841,69.91277,67.88077,254.91641
394,174,211.56888,173.32368,332.8734,100.29198,331.20724,251.77885,61.760452,73.76615,69.910805,258.31204,213.63023,169.97777,336.35068,97.68124,334.61392,249.78705,62.843662,69.177475,67.76008,255.61148
395,162,211.25972,173.0986,330.76453,98.98985,330.95303,251.72089,59.91308,72.34461,68.30835,261.44016,213.18327,169.99313,335.0553,97.08439,333.98517,249.55711,61.2693,68.59712,67.43749,256.87973
396,179,210.9116,173.00763,327.53214,100.82122,333.9524,253.0329,64.12182,76.244194,62.999424,264.24722,212.72116,169.9644,333.20157,96.92111,334.08084,249.6152,60.749706,68.88332,65.98725,258.61465
397,173,210.55408,172.75414,333.6269,94.36609,329.53262,249.23247,53.34992,70.32824,72.38299,260.4572,212.20364,170.01392,332.95706,95.612816,333.201,249.00279,58.252537,68.1585,66.843765,259.2656
398,178,210.5349,172.21584,331.70288,94.65046,329.54935,248.42513,52.657818,69.75005,71.85347,260.6871,211.73918,169.91595,332.29306,94.43286,332.4035,248.23486,55.76069,67.30921,67.484,259.927
399,178,210.99214,171.26862,330.26212,95.22016,331.61548,249.36829,56.987896,70.199745,67.55633,262.41187,211.49658,169.84119,331.5814,93.92071,332.1794,248.02515,55.060925,67.123924,67.27065,260.70975
400,176,211.20866,170.74829,329.808,94.40161,332.45963,248.49146,57.110905,70.594025,67.23342,263.114,211.29312,169.55539,330.73962,93.07652,332.13785,247.51419,54.16884,66.816536,66.93787,261.665
401,182,211.10365,170.2582,330.04547,94.69861,332.62225,249.68785,58.37587,69.0641,63.227962,263.8778,211.1129,169.30574,330.15024,92.6135,332.1606,247.46606,53.966904,66.45625,65.83876,262.58066
402,180,211.32922,170.81577,332.10645,93.92615,331.44705,248.2877,55.051525,68.643074,67.32609,262.17886,211.0445,169.30493,330.19147,92.2405,331.9467,247.2438,53.33725,66.25367,65.850105,262.89557
403,188,211.16675,171.50505,332.21246,94.340904,331.00903,249.14871,54.9093,68.87502,65.4802,264.06244,210.96123,169.47778,330.2828,92.06633,331.6763,247.2702,52.844067,66.18862,65.498055,263.52704
404,187,211.54297,171.78934,331.53824,95.14957,332.98788,251.27663,58.31649,70.12495,64.48347,265.3952,210.95786,169.68916,330.2134,92.06885,331.8548,247.74205,53.11103,66.384285,64.96035,264.3916
405,186,211.57532,172.11453,332.22137,95.77103,330.7613,250.72809,55.781498,67.94662,64.14743,265.08752,210.97472,169.97668,330.32648,92.258835,331.53265,248.08623,52.86263,66.12978,64.41152,265.0893
406,188,211.17015,172.75598,338.17102,91.98685,328.5068,250.32843,52.315773,66.28843,71.226456,261.45496,210.9411,170.43898,331.84503,91.6841,330.74167,248.36514,52.00144,65.631096,65.5942,264.79474
407,180,210.65013,173.34955,330.8365,96.49695,331.40164,253.28409,56.351753,69.80862,62.72992,267.61414,210.81087,170.99706,331.58072,92.37649,330.76498,249.31088,52.43961,66.1788,64.843765,265.6988
408,191,210.00998,173.3735,327.65094,98.76442,332.04156,255.43231,59.28423,70.628006,54.66179,271.56174,210.5411,171.47064,330.68002,93.427864,330.9141,250.56425,53.40739,66.800545,62.492977,267.31757
409,187,209.92738,173.73965,331.96158,97.11524,329.5164,252.32217,51.614258,68.295296,63.238186,265.52887,210.29872,171.98792,330.78433,94.00761,330.49033,251.03531,52.583008,66.83482,62.181454,267.52673
410,168,209.76349,173.32632,329.66663,97.16264,329.44952,252.46605,52.264805,67.761375,60.172302,268.0234,210.06068,172.35117,330.40503,94.579605,330.1195,251.47137,52.07271,66.80379,61.31775,268.1488
411,175,210.28941,174.27121,330.44495,98.1932,329.51532,254.33186,54.65009,68.33355,61.03353,268.4508,209.9855,172.87155,330.26385,95.33187,329.82925,252.25047,52.220387,66.94019,60.812973,268.71158
412,177,210.54283,175.09618,328.5868,100.45821,331.54843,255.77089,56.668167,71.12097,60.746967,269.48337,210.0029,173.46448,329.7787,96.46403,330.05893,253.18304,52.87603,67.70191,60.4271,269.29474
413,181,211.3913,175.10208,332.29874,98.73164,328.90393,253.45435,53.35151,68.29836,66.2273,266.47845,210.21255,173.96742,330.1579,97.06467,329.70663,253.47751,52.757732,67.766594,61.283424,269.127
414,178,211.93222,174.509,335.89395,96.155785,328.70288,254.19397,55.06718,66.01468,70.51095,263.58932,210.52,174.29794,331.2676,97.05555,329.3437,253.90692,53.01442,67.33327,62.965652,268.36563
415,183,212.3192,174.2239,332.62598,99.04082,331.97427,255.58812,58.67046,68.33715,64.51352,266.27124,210.8816,174.52107,331.57513,97.67248,329.7467,254.59015,54.069584,67.45369,63.20941,268.22482
416,179,212.09862,173.89465,334.957,97.46793,332.29425,256.23895,58.75087,67.418274,64.476326,265.40854,211.16118,174.5923,332.36343,97.82506,330.21365,255.26587,55.061405,67.37829,63.43828,267.83524
417,182,211.2992,173.92831,329.30914,100.21813,330.95032,256.0647,55.869087,65.80366,58.828854,268.82983,211.21707,174.60751,331.79483,98.50557,330.33746,255.72824,55.2825,66.97989,62.418686,268.19632
418,173,210.94122,174.32426,332.8653,97.93549,329.36624,255.55722,55.01072,65.91575,62.52759,266.98846,211.19202,174.6941,332.0573,98.58777,330.10974,255.99083,55.284966,66.668846,62.336452,268.10132
419,183,211.19568,174.2308,330.44073,98.44757,329.41983,256.30814,56.16269,65.15,62.280342,268.54153,211.22493,174.75595,331.77228,98.77703,329.91608,256.39603,55.53663,66.222374,62.206657,268.35428
420,181,210.40852,175.18083,327.13248,101.62441,330.4107,258.61618,57.933468,67.74756,56.96378,271.54007,211.07599,175.01288,330.7691,99.64163,329.96146,257.25754,56.15768,66.39779,60.91328,269.24252
421,182,209.55737,176.38573,329.35425,100.66123,329.14453,258.27557,54.713352,68.9188,59.224884,271.08362,210.75029,175.46869,330.37674,100.13332,329.73376,257.85406,55.964947,66.85064,60.310543,269.8798
